Image Name;Original Caption;Generated Caption;BLEU;METEOR;ROGUE;BERTscore Precision;BERTscore Recall;BERTscore F1;SentenceBERT_MRL;SentenceBERT_MPNET
0001.jpg;Rankoje laikomi čekiai;someone holding a bunch of receipts in their hands;0.0;0.0;0.0;0.81821859;0.81302261;0.81561232;0.23333016;0.71515542
0002.jpg;Vyras neša vėliavą;there is a man holding a flag in front of a building;0.0;0.0;0.11764706;0.8542763;0.86609423;0.86014467;0.16088951;0.81438178
0003.jpg;Du kareiviai stovintys su vėliava;soldiers holding a green flag and a military vehicle in the background;0.0;0.0;0.0;0.84153438;0.84508759;0.84330726;0.27712393;0.75532997
0004.jpg;Minia protestuojančių žmonių laikančių plakatus;several people holding signs and protesting against the government;0.0;0.0;0.0;0.85453391;0.8543731;0.8544535;0.46160096;0.86593628
0005.jpg;Ant stalo padėtos kodekso knygos;books and a red backpack sitting on top of a table;0.0;0.0;0.0;0.8468281;0.84066403;0.8437348;0.23761019;0.65960884
0006.jpg;Ranka virš čekių;someone is holding a stack of receipts on a table;0.0;0.0;0.0;0.82977951;0.82896525;0.82937211;0.13112527;0.60355628
0007.jpg;Vyras tikrinasi regėjimą;there is a man with a spoon and a spoon in his eye;0.0;0.0;0.0;0.81292427;0.83086979;0.8217991;-0.07565023;0.59988731
0008.jpg;Daugiabučio namo renovacija;arafed building with scaffolding and scaffolding around it;0.0;0.0;0.0;0.81904626;0.81665951;0.81785113;0.07591194;0.56556129
0009.jpg;Lietuvos pašto dėžutė ant sienos;there is a yellow mail box on a pole outside of a building;0.0;0.0;0.0;0.84260547;0.84606326;0.84433085;0.02870142;0.60635442
0010.jpg;Krovininis laivas plaukiantis į uostą;arafed cargo ship in the water with a lot of containers on it;0.0;0.0;0.0;0.83722961;0.82854044;0.83286238;0.23912989;0.74919379
0011.jpg;Pervažas stebi išmaniosios vaizdo sistemos;cars are driving down the road near a traffic light;0.0;0.0;0.0;0.82211041;0.82205856;0.82208449;0.03501075;0.27060536
0012.jpg;Prekių vežimėlis prekybos centre;someone is pushing a shopping cart in a grocery store;0.0;0.0;0.0;0.8461771;0.84792268;0.847049;0.10393148;0.60709757
0013.jpg;Tiltu einantys žmonės ir esantys šalia jo;people walking on a bridge over a river with a city in the background;0.0;0.0;0.0;0.85024661;0.85807359;0.85414219;0.27839348;0.83977616
0014.jpg;Vėjo jėgainės jūroje;there are many wind turbines in the distance behind the grass;0.0;0.0;0.0;0.83460766;0.84970134;0.84208685;0.18072444;0.65532094
0015.jpg;Pinigų banknotai;a close up of a bunch of different colored euro bank notes;0.0;0.0;0.0;0.8275581;0.86385322;0.84531629;0.42377204;0.66731417
0016.jpg;Indai pilni persikų;there are many bowls of peaches in the grass and a hand holding a peach;0.0;0.0;0.0;0.8014012;0.81691551;0.80908406;0.26661381;0.77115875
0017.jpg;Traktorius dirba laukuose;arafed tractor with a sprayer in a field of grass;0.0;0.0;0.0;0.84331501;0.86817276;0.85556334;0.39026234;0.78924459
0018.jpg;Kombainas dirba laukuose;arafed combine harvester in a field with a bird flying overhead;0.0;0.0;0.0;0.82953864;0.85383272;0.84151042;0.13668449;0.59986246
0019.jpg;Žmogus rankose nešantis įvairių daržovių krepšį;there is a person holding a basket of vegetables in their hands;0.0;0.0;0.0;0.85645914;0.86045247;0.85845125;0.1646184;0.89329922
0020.jpg;Virtuvė prieš ir po remonto;there are two pictures of a kitchen with a table and chairs;0.0;0.0;0.0;0.83633935;0.84310001;0.83970606;0.18257292;0.71076101
0021.jpg;Kondensatas susidaręs prie lango;there is a small plant sitting on a window sill;0.0;0.0;0.0;0.84086531;0.83829558;0.83957845;0.06553652;0.76093864
0022.jpg;Maža mergaitė sėdinti ant grindų;there is a little girl sitting on the floor watching tv;0.0;0.0;0.11111111;0.86152583;0.86900413;0.8652488;0.22280324;0.79851598
0023.jpg;Kompostuojamos atliekos angare;there is a pile of dirt in a large open area;0.0;0.0;0.0;0.80179548;0.78398949;0.79279256;0.08169791;0.39673111
0024.jpg;Sodo komposto dėžė;there is a composted composted composted composted composted compost;0.0;0.0;0.0;0.80447805;0.85702085;0.82991862;0.40065655;0.80182481
0025.jpg;Šiukšliavežė su šiukšlėmis ir darbininku;araf truck with a man loading a large amount of garbage;0.0;0.0;0.0;0.83884436;0.8241967;0.83145601;0.05662757;0.69167018
0026.jpg;Daug vikšrų;there are two pictures of a cater cater on a plant;0.0;0.0;0.0;0.79469728;0.79454392;0.79462057;0.01868481;0.49423683
0027.jpg;Daug vikšrų;there are many black bugs crawling on a mossy plant;0.0;0.0;0.0;0.80425364;0.80117422;0.80271101;0.11041331;0.59492743
0028.jpg;Antrankiais surakintas žmogus;araffes in handcuffs holding a cell phone in their hands;0.0;0.0;0.0;0.79852504;0.79441875;0.79646659;0.02601;0.2789098
0029.jpg;Naftos terminalas Rusijoje;arafly view of a large industrial area with a body of water;0.0;0.0;0.0;0.83805215;0.83602589;0.8370378;0.1186175;0.29391301
0030.jpg;Vyras laikantis automobilio ratą;a man working on a car in a garage with a wren;0.0;0.0;0.0;0.83842582;0.84791934;0.84314591;0.25738221;0.58657736
0031.jpg;Aukso luitai ir žmogaus pirštas;someone pointing at a gold bar on a phone with a red arrow;0.0;0.0;0.0;0.8397699;0.83645737;0.83811033;0.17641881;0.52885759
0032.jpg;Moksleiviai sėdintys klasėje;students sitting in a classroom watching a presentation on a screen;0.0;0.0;0.0;0.85674828;0.84950793;0.85311276;0.39072305;0.83354419
0033.jpg;Mokytoja stovinti prie išmanios lentos;students sitting at desks in a classroom with a projector screen;0.0;0.0;0.0;0.84959972;0.85495436;0.85226858;0.1329336;0.56990987
0034.jpg;Vaistai ir pinigai;a close up of a calculator, pen, and pills on a table;0.0;0.0;0.0;0.83357799;0.82631969;0.82993293;0.15526438;0.44976169
0035.jpg;Nobelio prizas skiriamas labiausiai nusipelniusiems mokslininkams;a close up of a gold medal with a man ' s face;0.0;0.0;0.0;0.82352519;0.8069706;0.81516385;0.06703685;0.16950272
0036.jpg;Žemė ir skriejantis asteroidas;a close up of a rock near a planet with a red light;0.0;0.0;0.0;0.83968747;0.82467282;0.83211243;0.19678366;0.61447883
0037.jpg;Žemė ir skriejantis asteroidas;an image of a large rock is flying over the earth;0.0;0.0;0.0;0.84299934;0.84377474;0.84338689;0.28061551;0.61477494
0038.jpg;Palydovas kosmose;arafed view of a space station in the sky with clouds;0.0;0.0;0.0;0.82197982;0.82720655;0.8245849;0.28843904;0.72670043
0039.jpg;Blogas kvapas;a woman with a tear of tear on her nose;0.0;0.0;0.0;0.77501905;0.80243087;0.78848678;0.03393844;0.34949675
0040.jpg;Naujagimius ligoninėje prižiūri seselė;there are many babies in a row in a hospital room;0.0;0.0;0.0;0.85116589;0.84888607;0.85002446;0.20904166;0.70792484
0041.jpg;Zebras;zebra standing in front of a black and white striped wall;0.0;0.25;0.16666667;0.77013415;0.81367493;0.79130602;0.65121883;0.79179031
0042.jpg;Rankos pirštų nagai;someone is holding their thumb up with a toothbrush in their hand;0.0;0.0;0.0;0.79086208;0.79943037;0.79512316;0.16775793;0.49177328
0043.jpg;Daug radioteleskopų;arafed array of white satellite dishes in a desert area;0.0;0.0;0.0;0.81614435;0.83201075;0.82400113;0.16491856;0.58406234
0044.jpg;Du šernai pievoje;there are two boars that are walking in the grass;0.0;0.0;0.0;0.81600785;0.81005311;0.81301951;0.21776895;0.38286752
0045.jpg;Pomidorai ir bulvės;there are two pictures of a person picking up a tomato;0.0;0.0;0.0;0.83489358;0.81320024;0.8239041;0.16685006;0.50518179
0046.jpg;Du vilkai miške;there are two wolfs standing in the woods together;0.0;0.0;0.0;0.81847572;0.83516824;0.82673776;0.22716129;0.6190657
0047.jpg;Vilkas miške prie medžio;there is a wolf standing in the woods looking at something;0.0;0.0;0.0;0.82846248;0.84227967;0.83531398;0.22758035;0.80825883
0048.jpg;Rudasis lokys miške;there is a brown bear walking through a grassy field;0.0;0.0;0.0;0.8137275;0.83058774;0.82207119;0.22385454;0.4655869
0049.jpg;Skrendančių paukščių būrys;there are five birds flying in the sky together;0.0;0.0;0.0;0.83446902;0.83991861;0.83718491;0.20780393;0.81118411
0050.jpg;Žmogus miške pjauna grybą;someone is cutting a mushroom with a pair of scissors on the ground;0.0;0.0;0.0;0.82021797;0.81555128;0.81787795;0.14905873;0.60630834
0051.jpg;Angis ant kibiro;there is a snake that is sitting in a cup;0.0;0.0;0.0;0.79640764;0.80399871;0.80018514;0.1287728;0.34426129
0052.jpg;Sužymėtos sraigės;there are many cloves of garlic on the ground with numbers on them;0.0;0.0;0.0;0.81491983;0.83226115;0.8234992;0.08379596;0.46131921
0053.jpg;Žmogus laužiantis šokoladą;someone holding a piece of chocolate with a bite taken out of it;0.0;0.0;0.0;0.82636023;0.83650166;0.83140004;0.28330243;0.81792814
0054.jpg;Apgraužti baravykai prie pintinės;there are three mushrooms in a basket on the ground;0.0;0.0;0.0;0.80734426;0.80673921;0.80704159;-0.03490233;0.46986941
0055.jpg;Skaičiuojami pinigai;someone holding a calculator and a cell phone with a lot of money;0.0;0.0;0.0;0.80839157;0.80874175;0.80856657;0.12458374;0.53404284
0056.jpg;Seselė skiepiją žmogų;someone is getting a vacciator from a person in blue gloves;0.0;0.0;0.0;0.81171632;0.82696116;0.81926781;0.17969203;0.47258714
0057.jpg;Zaporižios atominė elektrinė;there is a man that is flying a kite in the water;0.0;0.0;0.0;0.7900489;0.8108319;0.80030549;-0.03156257;0.0645756
0058.jpg;Lazdyno riešutų sauja;someone holding a handful of nuts in their hands;0.0;0.0;0.0;0.82612312;0.81647676;0.8212716;0.04926977;0.58543688
0059.jpg;Troleibusas prie troleibusų stotelės;arafed bus on a city street with a sign on the side;0.0;0.0;0.0;0.83535659;0.80665779;0.82075638;0.2113162;0.61867416
0060.jpg;Minia žmonių protestuojančių su ženklais;several people holding signs and signs in a crowd of people;0.0;0.0;0.0;0.84860903;0.84631944;0.84746271;0.47890079;0.89954424
0061.jpg;Negalią turintys asmenys;there is a man in a wheelchair that is sitting down;0.0;0.0;0.0;0.82241291;0.83199686;0.82717711;-0.01688794;0.44765225
0062.jpg;Neapdoroti makaronai esantys restorano terasoje;there is a bowl of spaghetti noodles on a table outside;0.0;0.0;0.0;0.84278679;0.82873809;0.83570337;0.1790612;0.79523236
0063.jpg;Bendras vaizdas į Žmogaus teisių ir civilizacijų aljanso kambarį;arafed view of a large room with a ceiling of colorful paintings;0.0;0.0;0.0;0.84393442;0.81799704;0.83076334;0.02836942;0.27888784
0064.jpg;Utėlės plaukuose;someone is rubbing their hair with their fingers and touching it;0.0;0.0;0.0;0.76830524;0.80531788;0.78637624;0.15808856;0.58037692
0065.jpg;Moteriai operacinėje atliekama akių operacija;arafed woman getting a laser treatment in a beauty salon;0.0;0.0;0.0;0.83808243;0.83035004;0.83419836;0.21911812;0.61505175
0066.jpg;Europos Centrinis Bankas;araffled blue and yellow euro sign in front of a tall building;0.0;0.0;0.0;0.77956772;0.7945658;0.78699529;0.17331168;0.31869546
0067.jpg;Kalifornijos Nacionalinės gvardijos kariai ir jūrų pėstininkai sulaiko demonstrantus;there are many people in the crowd wearing helmets and holding guns;0.0;0.0;0.0;0.8420583;0.82711399;0.83451921;0.09923674;0.48576418
0068.jpg;Automobilių servise taisomas automobilis;arafed man standing in front of a car in a garage;0.0;0.0;0.0;0.81963426;0.82600808;0.82280886;0.35761899;0.40085572
0069.jpg;Avižų košė su obuoliais;there is a bowl of oatmeal with apples and a spoon;0.0;0.0;0.0;0.81381744;0.83383292;0.82370365;0.26990089;0.72899914
0070.jpg;Kavos stiklinė;there is a glass of coffee with a lot of coffee beans;0.0;0.0;0.0;0.80387247;0.83911681;0.82111663;0.42349902;0.81565809
0071.jpg;Kavos puodelis;there is a cup of hot chocolate with a spoon on the table;0.0;0.0;0.0;0.78993809;0.82037401;0.80486846;0.17861363;0.7317422
0072.jpg;Keptos perlinės kruopos su grybais;there is a plate of food with mushrooms and bread on it;0.0;0.0;0.0;0.82982296;0.83949244;0.83462977;0.16498664;0.69683498
0073.jpg;Elektros stulpai ir kabantys laidai;there are many power lines that are connected to poles;0.0;0.0;0.0;0.85155714;0.83743602;0.84443754;0.2173339;0.62471241
0074.jpg;Pleviasuojanti Japonijos vėliava;there is a flag flying in front of a building with a flag pole;0.0;0.0;0.0;0.83728647;0.81675047;0.82689095;0.1542677;0.55453557
0075.jpg;Moteris su puodelius susiėmusi už gerklės;arafed woman with sore holding a cup of coffee;0.0;0.0;0.0;0.83105975;0.81639779;0.82366347;0.12452742;0.68089837
0076.jpg;Moteris susiėmusi už gerklės ir krūtinės;woman with sore holding her chest in pain while sitting on a couch;0.0;0.0;0.0;0.82924342;0.82880074;0.82902205;0.13289335;0.66038257
0077.jpg;Moteris su puodelius susiėmusi už gerklės;arafed woman sitting on a bed with a cup of coffee;0.0;0.0;0.0;0.82859302;0.81939107;0.82396638;0.10973088;0.63661999
0078.jpg;Seselė skiepija vaiką;arafed person in a blue gown and gloves is getting a vacciator;0.0;0.0;0.0;0.8137033;0.85056114;0.83172405;0.14037168;0.45914844
0079.jpg;Seselė skiepija vaiką;arafed woman getting a vaccine from a doctor in a hospital;0.0;0.0;0.0;0.83235061;0.84572697;0.83898544;0.10274547;0.69892818
0080.jpg;Tamponas laikomas rankose;someone is holding a banana in their hand and a toothbrush in their other hand;0.0;0.0;0.0;0.81611407;0.84148681;0.82860625;0.23004726;0.36975786
0081.jpg;Plaukų slinkimas, plaukų netekimas;someone is holding their hands up with hair in the shower;0.0;0.0;0.0;0.82125306;0.82950187;0.8253569;0.03037781;0.43576011
0082.jpg;Švirkštai ant žemės;there is a bunch of pens and a pen holder on the ground;0.0;0.0;0.0;0.8316704;0.8048557;0.81804335;0.21321732;0.58643913
0083.jpg;Gaminama mačia;a close up of a bowl of matcha next to a whisk;0.0;0.0;0.0;0.79313123;0.79635668;0.79474068;0.04237364;0.4625425
0084.jpg;Moteris žindo kūdikį;there is a woman sitting on a bed holding a baby;0.0;0.0;0.0;0.81966132;0.82325196;0.82145274;0.29003164;0.81073731
0085.jpg;Besilaukianti moteris laikosi už pilvo;pregnant woman sitting on a couch with her belly exposed;0.0;0.0;0.0;0.84051824;0.84461498;0.8425616;0.17048542;0.7683897
0086.jpg;Uodas siurbia kraują;arafed mosquito on a human skin with a black background;0.0;0.0;0.0;0.81647021;0.82961994;0.8229925;0.03718337;0.40887779
0087.jpg;Automobilis degalinėje;there are many gas pumps at the gas station with cars in the background;0.0;0.0;0.0;0.83572435;0.85193104;0.84374982;0.27081993;0.61350042
0088.jpg;Moteris kraunanti elektromobilį;arafed woman holding a hair dryer and a car plugged in;0.0;0.0;0.0;0.8225764;0.84400666;0.83315372;0.12482442;0.5647065
0089.jpg;Eismas draudžiamas;there is a red and white sign on the side of the road;0.0;0.0;0.0;0.79866552;0.81790829;0.80817235;0.09721144;0.3712388
0090.jpg;Slenkantys ledynai;there is a large iceberg that is partially submerged in the water;0.0;0.0;0.0;0.81516343;0.83111238;0.82306069;0.16383712;0.72500014
0091.jpg;Baltyminiai milteliai;someone is pouring a mixture into a container of food;0.0;0.0;0.0;0.82408881;0.83447015;0.829247;0.01944946;0.22633649
0092.jpg;Spermatozoidai ir kiaušialąstės;a close up of a red object with a lot of small white objects;0.0;0.0;0.0;0.83675086;0.79365027;0.81463087;0.04010072;0.18379818
0093.jpg;DNR struktūra;there are two strands of dna in the air;0.0;0.0;0.0;0.81990314;0.85366619;0.83644408;0.16458927;0.61667633
0094.jpg;Grūdai;a close up of a pile of brown rice on a table;0.0;0.0;0.0;0.76300097;0.78608656;0.77437174;0.11762625;0.29532781
0095.jpg;Obuolys rankoje;someone holding a red apple with a leaf on it in front of a tree;0.0;0.0;0.0;0.79889131;0.83714795;0.81757236;0.09985426;0.36229882
0096.jpg;Daug obuolių dėžėje;there are many boxes of apples that are sitting on a table;0.0;0.0;0.0;0.83069783;0.82411587;0.82739377;0.2930164;0.9361816
0097.jpg;Didelių gabaritų atliekos;araff of old appliances and other junk outside a brick building;0.0;0.0;0.0;0.82977331;0.8220126;0.82587481;0.02358509;0.41858047
0098.jpg;Didelių gabaritų atliekos prie tvoros;there are a lot of stuff that is sitting in the grass;0.0;0.0;0.0;0.84431565;0.82556766;0.83483648;0.02822098;0.55012167
0099.jpg;Dubajaus šokoladas su pistacijomis;there is a chocolate bar with pistachios and nuts on it;0.0;0.0;0.0;0.82647711;0.82834339;0.82740921;0.37832272;0.79098135
0100.jpg;Augančios raudonos saldžiosios paprikos;there are two red peppers growing on the plant in the garden;0.0;0.0;0.0;0.84052086;0.8500604;0.84526372;0.48411554;0.85004508
0101.jpg;Įdarytos paprikos su smulkinta mėsa ir ryžiais;there are three stuffed peppers on a plate with a spoon;0.0;0.0;0.0;0.83697701;0.82628214;0.83159518;0.28971475;0.66687572
0102.jpg;Du baliniai vėžliai;there are two turtles that are sitting on the rocks in the water;0.0;0.0;0.0;0.82502711;0.86062467;0.84244996;0.16370253;0.49367866
0103.jpg;Moteris konservuoja daržoves;someone is pouring water into a jar of vegetables on a table;0.0;0.0;0.0;0.82314301;0.81698322;0.82005161;0.13018021;0.63437432
0104.jpg;Rusijos karys leidžia droną karinėse pratybose;arafed soldier with a gun and a remote control plane;0.0;0.0;0.0;0.82506657;0.8320061;0.82852185;0.11768755;0.62331671
0105.jpg;Dronai nešantys dvi vėliavas;there are two kites flying in the sky with a russian and a russian flag;0.0;0.0;0.0;0.8288995;0.83697176;0.83291608;0.31982738;0.71963257
0106.jpg;Dronas skraidantis danguje;arafed flying in the air with a camera attached to it;0.0;0.0;0.0;0.8187058;0.81078142;0.81472433;0.16068587;0.71838552
0107.jpg;Rusijos tankai parade;military vehicles are lined up in a parade in front of a building;0.0;0.125;0.125;0.83361971;0.85873473;0.8459909;0.4711054;0.65724844
0108.jpg;Pastatyti užtvarai ant tilto prie šalių sienos;there is a man riding a motorcycle down a street next to a fence;0.0;0.0;0.0;0.83150417;0.82827723;0.82988757;0.09696438;0.37913334
0109.jpg;Gyvenamasis namas po Rusijos smūgių Kijeve;arafed building with smoke coming out of it at night;0.0;0.0;0.0;0.83326125;0.83024585;0.83175081;0.08012313;0.44423738
0110.jpg;Pusiau perpjauti avokadai;there are nine avocados on a white table with one cut in half;0.0;0.0;0.0;0.79764104;0.80276358;0.80019414;0.30416638;0.75849652
0111.jpg;Sumuštinis su mėsa ir daržovėmis;there is a sandwich with meat and vegetables on a wooden board;0.0;0.0;0.0;0.84919596;0.85477257;0.85197514;0.23392642;0.72822237
0112.jpg;Kapų žvakės lentynoje;there are many jars of toothbrushes on the shelves in the store;0.0;0.0;0.0;0.80716807;0.80750233;0.80733514;0.14797251;0.42787451
0113.jpg;Viena deganti elektros lemputė tarp kitų lempučių;a group of light bulbs hanging from a string with a glowing light bulb;0.0;0.0;0.0;0.83702731;0.83457351;0.83579862;0.16511771;0.80179954
0114.jpg;Pelė prie vamzdžio;there is a rat that is looking out of a pipe;0.0;0.0;0.0;0.83760393;0.86091852;0.84910119;0.0885227;0.76141357
0115.jpg;Lėktuvo keleivė lėktuve;arafed view of a woman standing in the aisle of an airplane;0.0;0.0;0.0;0.83238071;0.84070408;0.83652174;0.17468563;0.63762337
0116.jpg;Lobių skrynios;there is a gold coin and a gold bug in the dirt;0.0;0.0;0.0;0.80820018;0.83172244;0.81979263;0.00533532;0.48926595
0117.jpg;Popieriniai dokumentai ir kompiuteris;three people sitting at a table with papers and laptops;0.0;0.0;0.0;0.85856342;0.85463488;0.85659468;0.37098733;0.49339062
0118.jpg;Nelaimingas jaunas vyras;there is a man making a face with his hands;0.0;0.0;0.0;0.82558841;0.82429028;0.82493877;0.06958722;0.51259458
0119.jpg;Krūties vėžys, mamografija;arafed woman looking at a computer screen with a breast scan on it;0.0;0.0;0.0;0.81584597;0.84175277;0.82859689;-0.01393017;0.45862105
0120.jpg;Pokalbis su vaiku;arafed boy looking at his father in the mirror;0.0;0.0;0.0;0.81616676;0.81175423;0.81395447;0.03027789;0.4930149
0121.jpg;Neteisėtai pagautos žuvys, unguriai;there are many fish that are laying on the grass;0.0;0.0;0.0;0.83621657;0.82009602;0.82807785;0.10073692;0.41717905
0122.jpg;Kontrabandininkų balionas prie baidarininko;there is a man rowing a boat with a balloon in the background;0.0;0.0;0.0;0.81677991;0.79495621;0.80572033;0.18851222;0.66845495
0123.jpg;Fizinio barjero pasienyje su Baltarusija statyba;barbed wire fence surrounding a military area with soldiers standing on the side;0.0;0.0;0.0;0.81777394;0.81707191;0.81742275;0.12427112;0.50877327
0124.jpg;Vagis laužiasi į automobilį;araffe in a black hoodie is opening the door of a car;0.0;0.0;0.0;0.82261872;0.83047944;0.8265304;0.26273385;0.61706239
0125.jpg;Ūkininko laukas prie miško;trees in a field with a few yellow leaves on the trees;0.0;0.0;0.0;0.82509232;0.82776344;0.82642573;0.01801689;0.59366143
0126.jpg;Pistoletas rankose;someone holding a black gun in their hand with a white background;0.0;0.0;0.0;0.79106152;0.84048814;0.81502622;0.3379471;0.78312868
0127.jpg;Sprogmuo žolėje;there are two birds that are standing in the grass;0.0;0.0;0.0;0.80387223;0.81131792;0.80757791;-0.03002391;0.46305543
0128.jpg;Marihuanos suktinės;four cigarettes are lined up on a table with a cigarette lighter;0.0;0.0;0.0;0.80985767;0.79612333;0.80293179;0.07209776;0.55087399
0129.jpg;Kapų žvakė rankose;someone holding a lit candle in their hand with a gold lid;0.0;0.0;0.0;0.82838356;0.8349514;0.83165455;0.22656135;0.78257358
0130.jpg;Auganti kanapė;there is a plant that is growing in the middle of the field;0.0;0.0;0.0;0.79829323;0.80375934;0.80101699;0.31875324;0.70965976
0131.jpg;Krosnis su malkomis ir popieriumi;there is a fireplace with a bunch of wood in it;0.0;0.0;0.0;0.84826994;0.84981954;0.84904408;0.14432961;0.33984417
0132.jpg;Ginklas rankose;someone holding a gun in their hand with a blue shirt;0.0;0.0;0.0;0.77611512;0.78238034;0.77923506;0.23252597;0.70067877
0133.jpg;Ekskavatorius kelia betoną;there is a large excavator that is digging a rock;0.0;0.0;0.0;0.84434539;0.86532879;0.85470831;0.28585786;0.64897579
0134.jpg;Daug alaus butelių automobilyje;there are many bottles of beer in the back of a car;0.0;0.0;0.0;0.83070982;0.82609284;0.82839489;0.41820508;0.92151475
0135.jpg;Pistoletas;a close up of a gun and a magazine laying on a table;0.0;0.0;0.0;0.78729218;0.81975371;0.80319506;0.23643586;0.69258338
0136.jpg;Vaikai laikantys telefoną rankose;there are two people sitting at a table with cell phones;0.0;0.0;0.0;0.85707295;0.84359181;0.85027897;0.25139892;0.49169225
0137.jpg;Dėstytojo paskaita studentams;there are many people sitting in a lecture hall watching a man;0.0;0.0;0.0;0.824983;0.81627911;0.82060796;0.13757516;0.62279296
0138.jpg;Vaikinas ir mergina mokosi iš knygų;students studying in a classroom with a large window;0.0;0.0;0.0;0.85174298;0.8417775;0.84673089;0.00919304;0.44983697
0139.jpg;Kazachstane nukrito Azerbaidžano avialinijų lėktuvas;araflane plane on the ground with people around it;0.0;0.0;0.0;0.81043959;0.80707049;0.80875152;0.20690101;0.49157819
0140.jpg;Humanitarinės pagalbos sunkvežimiai;there is a truck with a man in the driver ' s seat;0.0;0.0;0.11764706;0.81236243;0.82009107;0.81620848;0.08438034;0.52213824
0141.jpg;Latvijoje rastas dronas;arafed airplane sitting on the sand with a sign on it;0.0;0.0;0.0;0.83224261;0.83816791;0.83519477;0.10818987;0.38059449
0142.jpg;Europos Parlamento posėdžių salė;a large room full of people sitting at tables in a european parliament;0.0;0.0;0.0;0.82281876;0.83832681;0.83050036;0.45319697;0.82099003
0143.jpg;Laivai jūroje;three boats are in the water with a sky background;0.0;0.0;0.0;0.81252921;0.84870142;0.83022153;0.13911149;0.72745371
0144.jpg;Pūga ant Everesto, lipantys žmonės;araffes and yaks are walking through the snow on a mountain;0.0;0.0;0.0;0.83149135;0.84661329;0.83898413;0.05968764;0.4902885
0145.jpg;Elektroninės cigaretės lentynoje;there are many different types of cigarettes on the shelves in the store;0.0;0.0;0.0;0.82548952;0.84451413;0.83489352;0.26563168;0.70986634
0146.jpg;Izraelio lėktuvas danguje;arafed fighter jet flying in the sky with contrails trailing behind it;0.0;0.0;0.0;0.84157848;0.88160151;0.86112517;0.14352308;0.66595668
0147.jpg;Baltasis delfinas;araffe in a dark room with a light shining on it;0.0;0.0;0.0;0.79612058;0.82374632;0.80969793;0.05442835;0.29677734
0148.jpg;Raketa Flamingo;there is a pink object on a black shelf in a room;0.0;0.0;0.0;0.79001164;0.80877411;0.79928279;0.05991112;0.26942629
0149.jpg;Gelbėjimo valtis jūroje;there are two men in a boat with a dog on the water;0.0;0.0;0.0;0.83721113;0.84627795;0.8417201;0.09629321;0.57090282
0150.jpg;Prie radiatorių šildomos kojos;someone is sitting on the floor with their feet up against a radiator;0.0;0.0;0.0;0.82499576;0.84992462;0.83727473;0.33239436;0.67385393
0151.jpg;Ranka sukanti termostatą;someone is holding a white electric heater in their hand;0.0;0.0;0.0;0.82586867;0.82761014;0.82673842;0.16079962;0.69845688
0152.jpg;Lietuvos pašto logistikos centras;arafed warehouse with boxes and conveyor belts in a warehouse;0.0;0.0;0.0;0.80719423;0.81079412;0.80899018;0.03461868;0.5291664
0153.jpg;Elektros perdavimo linija;there is a large field with a bunch of cows grazing;0.0;0.0;0.0;0.82798702;0.83174461;0.82986158;0.00322663;0.15199679
0154.jpg;Saulės jėgainės Nevadoje;a close up of a row of solar panels in a desert;0.0;0.0;0.0;0.83990848;0.84748244;0.84367841;0.40361661;0.79250807
0155.jpg;Metano srovės, besiveržiančios iš jūros dugno;there is a large amount of seaweed on the bottom of the ocean;0.0;0.0;0.0;0.84464729;0.83118486;0.83786196;0.26938546;0.65638465
0156.jpg;Grynieji pinigai;there are many bills of money stacked on top of each other;0.0;0.0;0.0;0.80008674;0.8328433;0.81613648;0.1721577;0.59067363
0157.jpg;Užimtumo tarnybos klientų aptarnavimo skyrius Vilniuje;there is a large screen displaying information about a business meeting;0.0;0.0;0.0;0.83323824;0.82568896;0.82944643;0.11948187;0.31595048
0158.jpg;Rusiškos naftos tanklaivis laukia iškrovimo prie Banijaso uosto Sirijoje;arafed ship in the middle of the ocean with a lot of water;0.0;0.0;0.0;0.82955939;0.80236423;0.81573516;0.17223725;0.44836056
0159.jpg;Investicinio aukso ir sidabro luitai;there are two gold bars sitting next to each other on a table;0.0;0.0;0.0;0.82453871;0.82683194;0.82568371;0.14085294;0.55399883
0160.jpg;Formulių lenktynės uždaroje trasoje;several racing cars are lined up in a row in a garage;0.0;0.0;0.0;0.85287666;0.8673892;0.86007172;0.27838701;0.62608027
0161.jpg;Teslos automobilių gamykla;there are many different types of tires stacked on a rack;0.0;0.0;0.0;0.82675529;0.81517053;0.82092208;0.11906317;0.39973056
0162.jpg;Robotai surinkinėja automobilį;arafed car being painted in a car wash station with workers;0.0;0.0;0.0;0.83144671;0.83003759;0.83074158;0.3265267;0.56746304
0163.jpg;Amerikietiški sunkvežimiai kelyje;there are two trucks that are driving down the road;0.0;0.0;0.0;0.82138193;0.79367983;0.80729336;0.06139138;0.79986954
0164.jpg;LP Express paštomatas;arafed man with a suitcase and a box entering a express machine;0.0;0.12820513;0.125;0.7920447;0.83066475;0.81089514;0.28929585;0.35242185
0165.jpg;Geležinkelio ruožas;there is a train track that has a train on it;0.0;0.0;0.0;0.81590325;0.81836277;0.8171311;0.10907678;0.76343137
0166.jpg;Rygos autobusų stotis;people are walking on a sidewalk next to a bus and a sign;0.0;0.0;0.0;0.81245446;0.81762493;0.81503153;0.32246438;0.58365083
0167.jpg;Šarvuotas automobilis Taurus 4-1;araf truck parked on a road in a field with a sky background;0.0;0.0;0.0;0.80373776;0.82436997;0.81392312;0.24304317;0.44173476
0168.jpg;FPV dronai;there are many remote controls on a table with a man;0.0;0.0;0.0;0.78860092;0.81117696;0.79972959;0.0889193;0.23827839
0169.jpg;Audinė narvelyje;there is a white cat that is looking through a cage;0.0;0.0;0.0;0.80918056;0.82661855;0.8178066;-0.01882261;0.32352385
0170.jpg;Naftos perdirbimo gamykla Serbijoje;there is a large pipe that is next to a building;0.0;0.0;0.0;0.83620304;0.80220389;0.8188507;0.02043748;0.3440623
0171.jpg;Pienas pilamas į stiklinę;someone is pouring milk into a glass on a plate;0.0;0.0;0.0;0.85474551;0.8680653;0.86135393;0.30021095;0.85265088
0172.jpg;Pluoštinių kanapių gaminami aukštos kokybės sertifikuoti ingredientai;there are many jars of herbs and seeds on a table;0.0;0.0;0.0;0.81893051;0.81010664;0.81449467;0.0701459;0.3834725
0173.jpg;Achemos gamykla;arafed oil refinery with a lot of smoke coming out of it;0.0;0.0;0.0;0.78548455;0.81800818;0.80141652;0.00634491;0.27115619
0174.jpg;Laivų terminale stovintis laivas;there is a large ship that is docked in the water;0.0;0.0;0.0;0.84125715;0.83701748;0.83913195;0.21674797;0.80405426
0175.jpg;Jūros vėjo parkas;arafed windmills in the ocean with a blue sky in the background;0.0;0.0;0.0;0.82059175;0.8484624;0.83429438;0.33385947;0.74379742
0176.jpg;Naftos gavyba ir energijos gamyba;there is a large field with a windmill and a pump;0.0;0.0;0.0;0.81880474;0.81809145;0.81844795;0.11864183;0.30950484
0177.jpg;Orion erdvėlaivio užfiksuotas Mėnulio vaizdas;a close up of a satellite with a moon in the background;0.0;0.0;0.0;0.85632706;0.83454633;0.84529644;0.14311638;0.80621833
0178.jpg;Jauniūnų dujų kompresorių stotis;there are yellow pipes and valves on the side of a building;0.0;0.0;0.0;0.83080649;0.83245099;0.83162791;0.02944222;0.55558634
0179.jpg;Naftos gręžiniai Šiaurės Jūroje;arafed oil rigs in the middle of the ocean at sunset;0.0;0.0;0.0;0.8328203;0.8457371;0.83922899;0.18725307;0.76290816
0180.jpg;Parduotuvės LIDL logotipas;arafed sign on a building with a sky background;0.0;0.0;0.0;0.82225871;0.80631417;0.81420839;0.17302731;0.4639532
0181.jpg;Parduotuvės IKEA logotipas;arafed sign on a blue wall with a tree in front of it;0.0;0.0;0.0;0.81420827;0.8364048;0.82515728;0.1052821;0.37807411
0182.jpg;Parduotuvės Aibė logotipas;arafed sign on a building that says a alibe;0.0;0.0;0.0;0.8176471;0.831276;0.82440519;0.18969676;0.55950958
0183.jpg;Vilniaus prekyba logotipas;arafed sign with blue frame and blue letters that read vilnhaus prekba;0.0;0.0;0.0;0.79793131;0.8240428;0.81077683;0.24075165;0.58768427
0184.jpg;Lora klausos centras;arafed view of a store with a large display of products;0.0;0.0;0.0;0.8129493;0.83025306;0.82151008;0.0038266;0.26726386
0185.jpg;Revolut logotipas ant pastato;arafed view of a large glass building with a sign on it;0.0;0.0;0.0;0.81569695;0.82017338;0.81792903;0.08992352;0.55931991
0186.jpg;Nvidia logotipas ant pastato;arafed sign on the side of a building with a logo on it;0.0;0.0;0.0;0.82854629;0.8478232;0.83807397;0.34684923;0.52465922
0187.jpg;Bitcoin logotipas;a close up of a bitcoin on a table with a red light;0.0;0.16129032;0.13333333;0.79121423;0.84142226;0.81554621;0.3326979;0.7455678
0188.jpg;Deepseek logotipas;a close up of a cell phone with a deepseek logo on it;0.0;0.16129032;0.13333333;0.81435096;0.83937591;0.82667416;0.64086097;0.60854691
0189.jpg;Oracle logotipas ant pastato;oracle sign on a building with a tree in the background;0.0;0.10638298;0.13333333;0.82769215;0.83424586;0.83095616;0.3790521;0.72270393
0190.jpg;Tik tok logotipas ant pastato;arafed sign on a building with a clock on it;0.0;0.0;0.0;0.81891263;0.81695139;0.81793088;0.13944396;0.6103754
0191.jpg;Nexos.ai logotipas;a close up of a computer screen with a logo on it;0.0;0.0;0.0;0.78927112;0.79943579;0.79432094;0.40028861;0.44115508
0192.jpg;Nord Security logotipas ant sienos;araf security sign on a wall in a building with a clock;0.0;0.0877193;0.11764706;0.83869433;0.84697115;0.84281242;0.30937308;0.62813908
0193.jpg;3D biotechnologinio spausdinimo technologija;a close up of a machine with a red liquid in it;0.0;0.0;0.0;0.83842641;0.83489597;0.83665746;0.04065922;0.30451372
0194.jpg;Naujosios AirPods Pro 3 ausinės;there is a white airpods with a black earphone in it;0.0;0.08928571;0.11764706;0.84119081;0.85966671;0.85032845;0.32572049;0.77709115
0195.jpg;Microsoft įmonės logotipas ant pastato;a close up of a microsoft logo on a building with trees in front;0.0;0.08474576;0.1;0.85234618;0.86837471;0.86028582;0.52374041;0.909841
0196.jpg;Mediniai stalo įrankiai dėžutėje;there are many wooden spoons in a bucket on the table;0.0;0.0;0.0;0.84015036;0.84751475;0.84381652;0.09636773;0.70430011
0197.jpg;Restoranas La pasta makaronų namai;tables and chairs outside a restaurant with a sign on the side;0.0;0.0;0.0;0.82272369;0.81393838;0.81830746;0.31558484;0.52975857
0198.jpg;Dronas danguje virš medžių;there is a small pink airplane flying in the sky over a forest;0.0;0.0;0.0;0.84317797;0.84675783;0.84496415;0.32418385;0.74964225
0199.jpg;Ilte logotipas prie sienos;there is a large white sign that says itte on the floor;0.0;0.0;0.0;0.80514181;0.8074128;0.80627573;0.13708939;0.60651433
0200.jpg;Automobilių stovėjimo aikštelė;arafed parking lot with cars parked in it and a river in the background;0.0;0.0;0.0;0.82034278;0.82103407;0.82068831;0.35329196;0.69500351
0201.jpg;Automobilių stovėjimo aikštelė;arafed view of a parking lot with cars parked in it;0.0;0.0;0.0;0.82209021;0.82072663;0.82140791;0.37983361;0.84432572
0202.jpg;Automobilių stovėjimo aikštelė;arafed parking lot with cars in it with a city in the background;0.0;0.0;0.0;0.81367254;0.82098269;0.81731129;0.37496394;0.78886998
0203.jpg;Policijos automobilio sirenos;there is a police car with its lights on and a blue light;0.0;0.0;0.0;0.79513663;0.83604944;0.81507999;0.36900336;0.80671024
0204.jpg;Lėkštės su maistu ir pinigai lėkštėje;there is a plate with a piece of cake and a fork on it;0.0;0.0;0.0;0.84177279;0.85332108;0.8475076;0.21415411;0.50687557
0205.jpg;Bulvių salotos indelyje su šauktu;there is a wooden bowl filled with a salad and a wooden spoon;0.0;0.0;0.0;0.81243527;0.82353723;0.81794864;0.23581283;0.71523064
0206.jpg;Moteris guli tarp pinigų ir rankose laiko pinigus;arafed woman laying on a pile of money with a smile;0.0;0.0;0.0;0.85015094;0.8643434;0.8571884;0.27691588;0.75795716
0207.jpg;Skubios medicininės pagalbos skyrius;there are two nurses walking down the hallway of a hospital;0.0;0.0;0.0;0.81251568;0.79636568;0.80435967;0.17751934;0.51547033
0208.jpg;Skubios medicininės pagalbos skyrius;there is a woman walking down a hospital hallway with a baby in a stroller;0.0;0.0;0.0;0.80615431;0.80022746;0.80317992;0.11638147;0.40537971
0209.jpg;Organizuotas paciento pervežimas iš įvykio vietos į aukštesnio lygio ligoninę;arafed man in green uniform pushing a gurney down a street;0.0;0.0;0.0;0.81793118;0.81607437;0.81700176;0.04926444;0.42115346
0210.jpg;Tablečių lapelis ir pakelis laikomas rankose;someone holding a package of pills in their hand and a box of pills in the background;0.0;0.0;0.0;0.83454716;0.8333416;0.83394396;0.23005904;0.38929296
0211.jpg;Skirtingų vaistų lapeliai;someone is holding a pill pack and a condom on a table;0.0;0.0;0.0;0.81903982;0.81756544;0.81830198;0.00982096;0.39212656
0212.jpg;Skirtingų vaistų lapeliai;someone is holding a yellow pill in their hand and some pills;0.0;0.0;0.0;0.81611198;0.82077062;0.81843472;0.09259038;0.54580623
0213.jpg;Vaistų lapeliai rankoje;someone holding a yellow and white pill pack in their hand;0.0;0.0;0.0;0.83113122;0.83627939;0.83369738;0.21407685;0.62282622
0214.jpg;Moteris valosi veidą nuo kosmetikos;there is a woman that is putting on a towel in front of a mirror;0.0;0.0;0.0;0.81666267;0.82049656;0.81857514;0.20488603;0.70285612
0215.jpg;Moteris tepasi veidą kremu;there is a woman that is looking in the mirror with a cream;0.0;0.0;0.0;0.83470809;0.8267352;0.83070254;0.31122687;0.79898477
0216.jpg;Vėžio ląstelė;a close up of a cell with many small cells in it;0.0;0.0;0.0;0.80561507;0.82619309;0.81577438;0.18210784;0.79089612
0217.jpg;Vėžio ląstelė;arafed cell with green and black background;0.0;0.0;0.0;0.7950967;0.82222676;0.80843419;0.12798129;0.72196144
0218.jpg;Žmogaus ranka imanti veido kaukę;someone is cutting a piece of paper with a knife on a table;0.0;0.0;0.0;0.81876111;0.82149589;0.82012624;0.14235815;0.3173503
0219.jpg;Vyras su puodeliu rankose ir laikantis gerklę;arafed man in a blanket holding a cup of coffee;0.0;0.0;0.0;0.83723968;0.82656693;0.83186907;-0.03262338;0.71994632
0220.jpg;Elektronikos atliekos;arafed pile of electronic devices and other electronic waste;0.0;0.0;0.0;0.82052016;0.83093679;0.82569557;0.61072147;0.79052848
0221.jpg;Kalakutai garde;araffes in a chicken coop with a bucket of food;0.0;0.0;0.0;0.80532622;0.83411193;0.81946635;0.11558551;0.20226659
0222.jpg;Daug vištų kieme;araffes in a field with a fence and a building in the background;0.0;0.0;0.0;0.81770736;0.81730819;0.81750774;0.03868125;0.68802416
0223.jpg;Gaidys uždarytas narve su višta;chickens in a coop with a fence and a chicken in the background;0.0;0.0;0.0;0.83969283;0.80279911;0.8208316;0.02436135;0.75056201
0224.jpg;Žmonės einantis kelkraščiu;people walking down a street with cars parked on both sides;0.0;0.0;0.0;0.82725924;0.83840883;0.83279675;0.22223139;0.64791989
0225.jpg;Ledų gaminimo aparatas;there are many cones of ice cream being made on a machine;0.0;0.0;0.0;0.84632337;0.86195242;0.85406637;0.19182914;0.8171221
0226.jpg;Koncerto klausosi žmonės;orchestra playing in a large auditorium with a large crowd of people;0.0;0.0;0.0;0.82270968;0.8249836;0.82384503;0.41289622;0.72249156
0227.jpg;Koncertuojantys muzikantai;orchestra members in suits and ties playing music on stage;0.0;0.0;0.0;0.80287725;0.84475476;0.82328385;0.52233016;0.69734001
0228.jpg;Droną bando numušti karys;arafed man holding a gun and a large telescope looking at a flying object;0.0;0.0;0.0;0.81088316;0.80229276;0.80656511;0.05781963;0.38116136
0229.jpg;Žmogus laikantis už nugaros kėdėje;there is a woman sitting at a desk with her back to the camera;0.0;0.0;0.0;0.83570218;0.84136033;0.83852172;0.09666002;0.43443456
0230.jpg;Moteris susiėmusi už nugaros kelyje;there is a woman standing on a road with her back to the camera;0.0;0.0;0.0;0.83949327;0.82858425;0.83400315;0.15174742;0.80971706
0231.jpg;Automobilių eismas kelyje;cars and buses are driving down a busy street in the evening;0.0;0.0;0.0;0.82814789;0.84223092;0.83513004;0.43561962;0.73830938
0232.jpg;Medaus stiklainis prie žiedadulkių;there is a jar of honey and a spoon of honey;0.0;0.0;0.0;0.82858729;0.81972051;0.82413006;0.15483007;0.77668947
0233.jpg;Humusas lėkštėje su šaukšteliu;there is a bowl of hummus with a spoon in it;0.0;0.0;0.0;0.85580999;0.85869789;0.85725152;0.27168429;0.89807761
0234.jpg;Žmonių protestai prie pastato;there is a large crowd of people gathered outside of a building;0.0;0.0;0.0;0.83621657;0.8279953;0.83208567;0.36272246;0.70002866
0235.jpg;Žmonių protestai prie pastato;there is a man standing on a stage in front of a crowd;0.0;0.0;0.0;0.83414483;0.81757307;0.8257758;0.23215905;0.27790233
0236.jpg;Žmonės protestuojantys su plakatais;people holding up signs and signs in a protest outside a building;0.0;0.0;0.0;0.85219085;0.86988342;0.86094624;0.48679247;0.89984369
0237.jpg;Daug kiaulių garde;there are many pigs in a pen with a fence;0.0;0.0;0.0;0.82018691;0.85096478;0.83529246;0.18757309;0.82274544
0238.jpg;Iqos elektroninės cigaretės ir cigarečių nuorūkos lėkštėje;someone is putting cigarettes in a trash can with a knife;0.0;0.0;0.0;0.83383447;0.83120281;0.83251655;0.32715809;0.57253212
0239.jpg;Rankoje laikoma cigaretė automobilyje;someone is smoking a cigarette in the rear view mirror of a car;0.0;0.0;0.0;0.84227967;0.86102861;0.85155088;0.44664294;0.76576322
0240.jpg;Traktorius dirbantis ūkyje;there is a tractor that is parked in the dirt;0.0;0.0;0.0;0.82980704;0.84446913;0.83707392;0.31896025;0.67739207
0241.jpg;Moteris dirbanti valgykloje tiekia maistą;chef preparing food in a kitchen with a large pot of soup;0.0;0.0;0.0;0.84349704;0.84403116;0.84376407;0.21203241;0.37944755
0242.jpg;Moteris dirbanti valgykloje laiko rankoje lėkštę su maistu;there is a woman preparing food in a kitchen with a large bowl;0.0;0.0;0.0;0.86544597;0.85915083;0.86228693;0.2181948;0.75407112
0243.jpg;Pistoletas ir asmens kortelės;there is a gun that is on a table with a record;0.0;0.0;0.0;0.84129906;0.83682513;0.83905613;0.29193035;0.78502268
0244.jpg;Peilis rankoje;someone holding a knife in their hand in front of a window;0.0;0.0;0.0;0.78965616;0.81105578;0.80021292;0.28970218;0.6837014
0245.jpg;Povandeninis laivas jūroje;arafed submarine in the water with people on board;0.0;0.0;0.0;0.82485968;0.8356427;0.83021617;0.32969564;0.83967924
0246.jpg;Sudegęs autobusas ir prie jo stovintys žmonės;people standing around a wrecked bus in the desert;0.0;0.0;0.0;0.86018312;0.8513515;0.85574448;0.41159582;0.73812228
0247.jpg;Migruojantys paukščiai skrenda danguje;there are many birds flying in the sky together in this picture;0.0;0.0;0.0;0.85005629;0.85216838;0.85111099;0.24329349;0.8560226
0248.jpg;Migruojantys paukščiai skrenda danguje;flock of birds flying in formation in a blue sky;0.0;0.0;0.0;0.85064673;0.85251486;0.85157979;0.2744379;0.81901854
0249.jpg;Baltymų milteliai indelyje;arafed scoop of powder in a blue container with peas in the background;0.0;0.0;0.0;0.80597246;0.8309325;0.81826222;0.02253202;0.53183204
0250.jpg;Žmogus sėdintis ant suoliuko su neregio lazdele;someone sitting on a bench with a cane and a camera;0.0;0.0;0.0;0.85043299;0.83504963;0.8426711;0.10789227;0.67509931
0251.jpg;Arbatos puodelis laikomas rankose;someone holding a cup of tea in their hands;0.0;0.0;0.0;0.82489991;0.81796348;0.82141703;0.2176242;0.77541423
0252.jpg;Sirupas nuo kosulio pilamas į šaukštelį;someone is pouring syrup onto a spoon with a spoonful of liquid;0.0;0.0;0.0;0.84950709;0.86042488;0.85493118;0.19791684;0.73204964
0253.jpg;Mėsainis su bulvytėmis;there is a hamburger with cheese, lettuce, and onion on it;0.0;0.0;0.0;0.83564132;0.80824816;0.82171655;0.04679669;0.65435529
0254.jpg;Moteris pučiasi nosį prie arbatos puodelio;there is a woman sitting at a table with a cup of coffee;0.0;0.0;0.0;0.85748005;0.84235907;0.84985226;0.17602262;0.75068027
0255.jpg;Žmonės valgantys maistą restorane su vyno taurėmis;people sitting at a table with plates of food and wine;0.0;0.0;0.0;0.85976249;0.86391461;0.86183351;0.52330434;0.88047224
0256.jpg;Bakterijos organizme;a close up of a group of green germs on a blue background;0.0;0.0;0.0;0.78190839;0.7995466;0.79062915;0.17710699;0.64209986
0257.jpg;Kepenų sveikata;a close up of a liver with a green background;0.0;0.0;0.0;0.80238855;0.80563307;0.80400753;0.12151669;0.29355574
0258.jpg;Vaizdo stebėjimo kamera;there is a white camera mounted on the side of a building;0.0;0.0;0.0;0.85309947;0.88605678;0.86926579;0.36145911;0.66546392
0259.jpg;Išvartyti šiukšlių konteineriai gatvėje;arafed trash cans are lined up on the side of a street;0.0;0.0;0.0;0.84941757;0.86163586;0.85548311;0.20974436;0.86895227
0260.jpg;Vandens gręžinio vamzdis ir iš jo bėgantis vanduo;a close up of a blue fire hydrant with water coming out of it;0.0;0.0;0.0;0.85974717;0.86454099;0.86213738;0.40630299;0.66037661
0261.jpg;Iš puodelio pilamas vanduo į kibirą;there is a bucket of water being poured into a bucket;0.0;0.0;0.0;0.86340243;0.87128675;0.86732668;0.29558575;0.77412421
0262.jpg;Žmogaus širdies sistema;a close up of a heart with a vein in the middle;0.0;0.0;0.0;0.82514632;0.81752855;0.82131976;0.10232063;0.72144872
0263.jpg;Tamsoje deganti žvakė;a close up of a lit candle on a black surface;0.0;0.0;0.0;0.83526987;0.83082634;0.83304214;0.06398688;0.85814512
0264.jpg;Įvairių automobilių padangų krūva;a close up of a pile of tires sitting on top of a pile of dirt;0.0;0.0;0.0;0.83570075;0.82971305;0.83269608;0.14412479;0.81629419
0265.jpg;Rauginti kopūstai indelyje;there is a white bowl filled with sauerkraut and carrots;0.0;0.0;0.0;0.82077873;0.78919661;0.8046779;0.08716746;0.7199527
0266.jpg;Greitosios pagalbos automobilis;ambulance parked in front of a building with a sign above it;0.0;0.0;0.0;0.80703843;0.81111872;0.80907339;0.23270945;0.79719782
0267.jpg;Daugiabučio laiptinė ir durys;there is a cat sitting on the steps of a building;0.0;0.0;0.0;0.842888;0.82894242;0.83585703;0.014554;0.6048792
0268.jpg;Seimo posėdžių salė;arafed view of a conference room with a large screen and a podium;0.0;0.0;0.0;0.7999804;0.81126273;0.80558205;0.09863897;0.58009309
0269.jpg;Karvė žvelgianti į kamerą;there are many cows standing in a field with mountains in the background;0.0;0.0;0.0;0.83529806;0.82380044;0.82950944;0.10670205;0.61045057
0270.jpg;Darbininkai atlieka remontą;two men are working on a floor in a room with a window;0.0;0.0;0.0;0.83755064;0.86425829;0.85069489;0.10522409;0.53212708
0271.jpg;Senyvo amžiaus moteris neša maišus;there is a man walking down the street carrying two bags;0.0;0.0;0.10526316;0.82392955;0.82325572;0.82359248;-0.02237823;0.45575857
0272.jpg;Senyvo amžiaus moteris apsiperka turguje;there is a man standing at a food stand with a bag;0.0;0.0;0.0;0.8400327;0.82680917;0.83336848;0.03975475;0.38267156
0273.jpg;Nerūkymo zonos ženklas;arafed sign on a wall with a no smoking sign in the middle;0.0;0.0;0.0;0.83581471;0.8490169;0.84236407;0.14426288;0.76522624
0274.jpg;Saulės ir vėjo energijos parkas;a large field with wind turbines and solar panels;0.0;0.0;0.0;0.84976006;0.86320317;0.85642886;0.46957821;0.80263591
0275.jpg;Lauke grėbiami medžių lapai;a close up of a person holding a rake and a leaf rake;0.0;0.0;0.0;0.83520859;0.83026379;0.83272886;0.17377326;0.55275583
0276.jpg;Rudenį ant suoliuko sėdintys žmonės;there is a woman sitting on a bench in the park;0.0;0.0;0.0;0.85505986;0.84934151;0.85219109;0.24165466;0.41465735
0277.jpg;Žmogus balina medžio kamieną;someone is painting a tree with a white paint brush;0.0;0.0;0.0;0.83307636;0.84681058;0.83988732;0.15519574;0.44526738
0278.jpg;Greičio matuoklis matuoja automobilių greitį;cars are lined up on the side of the road with a traffic light;0.0;0.0;0.0;0.82932222;0.83678091;0.83303487;0.31185186;0.42555708
0279.jpg;Formulės 1 lenktynės;arafed race cars racing on a track with a crowd watching;0.0;0.0;0.0;0.80214089;0.84528464;0.82314789;0.24802598;0.71529198
0280.jpg;Moteris prie Sodra pastato logotipo;a woman walking past a building with a sign that says sodra;0.0;0.0877193;0.11764706;0.83362651;0.83517087;0.83439797;0.35636449;0.76173186
0281.jpg;Seimo posėdžių salė;a view of a large room with a lot of people sitting at desks;0.0;0.0;0.0;0.80126917;0.81097102;0.80609089;0.09454244;0.55696744
0282.jpg;Žmonių minia prie automobilio;arafed vehicle with a red cross emblem on the front of it;0.0;0.0;0.0;0.82576323;0.83784038;0.83175796;0.21166189;0.53323185
0283.jpg;Ant grindų padėta karūna;a close up of a gold crown on a wooden table;0.0;0.0;0.0;0.83804142;0.8588376;0.84831202;0.17048058;0.5675841
0284.jpg;Vyras šaudo iš ginklo;arafed woman kneeling down with a rifle and earphones on;0.0;0.0;0.0;0.80761838;0.85614324;0.83117318;0.1688026;0.41629577
0285.jpg;Lietuvos Respublikos Seimo pastatas;there is a building with a lot of flags on the outside;0.0;0.0;0.0;0.818416;0.82403427;0.82121551;0.05400257;0.4284673
0286.jpg;Naikintuvai danguje;two fighter jets flying in the sky above a cloud filled sky;0.0;0.0;0.0;0.80683786;0.81426275;0.81053329;0.25567228;0.38882887
0287.jpg;Žalgirio klinikos pastatas;arafed building with a sign that says the medical and health bank;0.0;0.0;0.0;0.83168393;0.84849;0.84000289;0.2300339;0.43514431
0288.jpg;Daktarai operuoja žmogų;doctors in a hospital operating room preparing to perform surgery;0.0;0.0;0.0;0.82243955;0.83263552;0.82750612;0.3964223;0.81350565
0289.jpg;Odontologas taiso dantis;someone is doing a dental procedure on a patient ' s teeth;0.0;0.0;0.0;0.81435996;0.81767654;0.81601495;0.23075718;0.88453788
0290.jpg;Lieptelis ant tvenkinio kranto;there is a wooden bench sitting in the middle of a swamp;0.0;0.0;0.0;0.82151282;0.80334634;0.81232804;0.01834684;0.62849635
0291.jpg;Žmonės apsiperka vaistinėje;people standing in a store with a counter and a woman standing at the counter;0.0;0.0;0.0;0.830778;0.82606524;0.82841498;0.26103461;0.65879387
0292.jpg;Seselė einanti ligoninės koridoriumi;there is a woman walking down a hallway with a white coat;0.0;0.0;0.0;0.82965028;0.82792163;0.82878506;0.12794331;0.61344796
0293.jpg;Žmogus laikantis telefoną rankose prie kompiuterio;someone is using a cell phone to scan a computer message;0.0;0.0;0.0;0.85293293;0.835181;0.84396362;0.39362562;0.76997054
0294.jpg;Žmogus rašantis kompiuteriu;someone typing on a laptop with a warning sign on the screen;0.0;0.0;0.0;0.82745361;0.84625083;0.83674669;0.20025572;0.74461627
0295.jpg;Žmogus laikantis kavos puodelį ir telefoną rankose;someone holding a cell phone with a coffee cup in their hand;0.0;0.0;0.0;0.87508142;0.8704921;0.87278074;0.32845086;0.95226866
0296.jpg;Sąnarių skausmas ir uždegimas;a woman sitting on the floor holding her knee with a painful knee;0.0;0.0;0.0;0.83350396;0.84425092;0.83884299;0.00829891;0.46484086
0297.jpg;Moteris gulinti lovoje, miega;woman laying in bed with her eyes closed and arms crossed;0.0;0.0;0.0;0.83049512;0.8426528;0.83652979;0.13372052;0.78974152
0298.jpg;Rankose laikomas papildų buteliukas ir tabletė rankose;someone is holding a bottle of pills and a bottle of pills;0.0;0.0;0.0;0.85876882;0.84319806;0.85091221;0.26580897;0.78176397
0299.jpg;Visi zodiako ženklai;a circle of light drawing of zodiac signs in the sky;0.0;0.0;0.0;0.82152855;0.84573346;0.83345526;0.33042476;0.80359721
0300.jpg;Ranka prijungta prie lašelinės ir sensorių;someone is holding a small device in their hand;0.0;0.0;0.0;0.83788383;0.82544237;0.83161652;0.16992536;0.74037516
0301.jpg;Moteris mieganti lovoje;arafed woman sleeping in bed with white sheets and pillows;0.0;0.0;0.0;0.8250246;0.83278811;0.82888818;0.15662833;0.82348299
0302.jpg;Senas šulinys pievoje;a black and white photo of a well in a field;0.0;0.0;0.0;0.84264773;0.83049601;0.83652771;0.07911479;0.55227923
0303.jpg;Ugniagesių automobilis prie tvoros;firefighters are on the scene of a fire in a residential area;0.0;0.0;0.0;0.84406799;0.84191114;0.84298819;0.19344324;0.70862114
0304.jpg;Cukrus ir medus;a close up of a bowl of sugar cubes and a honey dipper;0.0;0.0;0.0;0.82759726;0.85089028;0.83908218;0.33448571;0.72312999
0305.jpg;Medus, cinamonas ir citrina;there is a jar of honey with a wooden spoon and lemons;0.0;0.0;0.0;0.84245789;0.83943182;0.84094214;0.28036568;0.82956523
0306.jpg;Morkos rankose ir kitos daržovės;there are many carrots that are being held by a woman;0.0;0.0;0.0;0.84082961;0.84229285;0.8415606;0.14872721;0.72379822
0307.jpg;Kraujospūdžio matavimas;someone is checking the blood pressure of a person with a digital device;0.0;0.0;0.0;0.82670498;0.81087387;0.81871289;0.13138856;0.54671597
0308.jpg;Ciberžolės gėrimas;there is a glass of orange juice and a spoon of tumericls;0.0;0.0;0.0;0.80247408;0.82007396;0.81117851;0.21324679;0.69511771
0309.jpg;Motina žindo kūdikį;there is a woman holding a baby in her arms;0.0;0.0;0.0;0.81173217;0.83509731;0.82324898;0.13893066;0.84224534
0310.jpg;Mama maitina naujagimį krūtimi;there is a woman holding a baby in her arms;0.0;0.0;0.0;0.84003234;0.8390134;0.8395226;0.07817827;0.72036511
0311.jpg;Mama maitina naujagimį krūtimi;there is a baby that is laying down and kissing its mother;0.0;0.0;0.0;0.83339131;0.83689696;0.83514047;0.19944425;0.70310426
0312.jpg;Prie ligonio rankos prijungta lašelinė;someone is in a hospital bed with a tube in their hand;0.0;0.0;0.0;0.84821582;0.84898019;0.84859782;0.14888148;0.70398974
0313.jpg;Gydytojas operacinėje su sesele;doctors in scrubs and masks are preparing to perform surgery;0.0;0.0;0.0;0.83198655;0.83505237;0.83351666;0.40156227;0.77441651
0314.jpg;Į kamerą nutaisytas ginklas;someone is holding a gun in their hand in the dark;0.0;0.0;0.0;0.83850223;0.8401984;0.83934945;0.11366151;0.67665529
0315.jpg;Traktorius dirba laukuose;there is a tractor that is parked in the field;0.0;0.0;0.0;0.8521781;0.86844921;0.8602367;0.31841397;0.77666104
0316.jpg;Sprogimo dūmai danguje;arafed explosion of black smoke and flames in the sky;0.0;0.0;0.0;0.81225789;0.79985553;0.80600899;0.29128411;0.86807495
0317.jpg;Žmogus dirba naftos perdirbo gamykloje;arafed pipe work in a snow covered area with a man working on it;0.0;0.0;0.0;0.84652036;0.83445561;0.84044468;0.19002567;0.48284319
0318.jpg;Alyvuogių aliejus pilamas į indelį;olive oil being poured into a bowl with olives and a shaker;0.0;0.0;0.0;0.85161304;0.84710658;0.84935379;0.40935376;0.85410231
0319.jpg;Kryžius ant pastato viršau;arafed cross on top of a steeple with a plane flying in the background;0.0;0.0;0.0;0.82795089;0.84942776;0.83855188;0.28160509;0.69286734
0320.jpg;Migrantai jūroje plaukia valtimi;araffes in a boat with people on it in the water;0.0;0.0;0.0;0.82375121;0.8368929;0.83027011;0.07196487;0.67271996
0321.jpg;Keliu bėgantis lokys;there is a bear that is walking down the road;0.0;0.0;0.0;0.8310771;0.82901657;0.83004558;0.11614083;0.52533507
0322.jpg;Naujagimio kojos;there is a baby ' s feet and feet are covered by a blanket;0.0;0.0;0.0;0.80738389;0.82017517;0.81372929;0.06673335;0.57308626
0323.jpg;Hamas kovotojai;a close up of a group of soldiers with guns in front of a clock tower;0.0;0.0;0.0;0.80948651;0.83900964;0.82398367;0.13508372;0.29165688
0324.jpg;Eurofighter naikintuvas skrendantis danguje;there is a fighter jet flying through the blue sky;0.0;0.0;0.0;0.81227386;0.77848303;0.79501957;0.20716031;0.58211696
0325.jpg;Asmuo su negalia kieme;woman in a wheelchair on a sidewalk with flowers in a pot;0.0;0.0;0.0;0.8290202;0.85305732;0.84086704;0.06929353;0.64094996
0326.jpg;Uodas ant augalo lapų;araffe on a green plant with a blurry background;0.0;0.0;0.0;0.84051859;0.84336853;0.84194118;0.19648632;0.74291915
0327.jpg;Telefono sim kortelė;there is a sim card sitting on top of a computer keyboard;0.0;0.12820513;0.13333333;0.84996694;0.88382179;0.8665638;0.298224;0.7292254
0328.jpg;Teisingumas, skulptūra;statue of lady justice holding scales of justice against a blue sky;0.0;0.0;0.0;0.81180555;0.8289336;0.82028013;0.291511;0.69296801
0329.jpg;Vairuotojo pažymėjimas su automobilio rakteliais;a close up of a yellow car key and a yellow car keychain on a map;0.0;0.0;0.0;0.8433001;0.84380621;0.84355307;0.20610788;0.66641939
0330.jpg;Teismas, skulptūra;arafed statue of a lady justice holding a scale and a sword;0.0;0.0;0.0;0.81138718;0.83749211;0.824233;0.23463884;0.62913829
0331.jpg;Kepti briuseliniai kopūstai;a close up of a bowl of brussel sprouts with rosemary;0.0;0.0;0.0;0.83385849;0.8511107;0.84239626;0.19823506;0.627554
0332.jpg;Mažas laikrodis rankose;someone holding a small white alarm clock in their hand;0.0;0.0;0.0;0.8323887;0.83156788;0.83197808;0.22302122;0.77470177
0333.jpg;Minia žmonių Kalėdų eglės įžiebime;a crowd of people gather around a christmas tree in a city;0.0;0.0;0.0;0.82788646;0.81419194;0.8209821;0.34651583;0.88524717
0334.jpg;Žvejojimas ežere su valtimi;fishing rod on a boat with a lake in the background;0.0;0.0;0.0;0.83643746;0.8390457;0.83773953;0.14556064;0.88733226
0335.jpg;Moliūgų sausainiai su riešutais ir šokoladu;a close up of a tray of cookies with chocolate chips;0.0;0.0;0.0;0.84339488;0.8365221;0.83994448;0.23374633;0.81428975
0336.jpg;Migdolų riešutų kekė ant medžio;there are many almonds hanging from a tree with leaves;0.0;0.0;0.0;0.81784713;0.81907505;0.81846064;0.15952621;0.74126446
0337.jpg;Pyragas pabarstytas cukraus pudra;there are a bunch of brownies on a plate with powdered sugar;0.0;0.0;0.0;0.81899619;0.80435717;0.81161064;0.3630209;0.72656256
0338.jpg;Moliūgų braunis lėkštėje;there are a bunch of brownies on a blue plate;0.0;0.0;0.0;0.82445222;0.83337617;0.8288902;0.34810179;0.59708202
0339.jpg;Seselė laikanti skiepo švirkštą;someone in a white shirt and blue gloves is holding a syet;0.0;0.0;0.0;0.81786376;0.84502983;0.83122492;0.14364561;0.38933405
0340.jpg;Kruasanai su moliūgų įdaru;there are three croissants on a plate with a bowl of pumpkins in the background;0.0;0.0;0.0;0.82856023;0.81135428;0.81986696;0.13646878;0.5095318
0341.jpg;Nektarinų pyragas;there is a piece of bread with cheese and peaches on a cooling rack;0.0;0.0;0.0;0.82564545;0.81807429;0.82184243;0.12112823;0.50967479
0342.jpg;COVID-19 vakcina;a close up of a row of vials with a blue cap;0.0;0.0;0.0;0.80131978;0.79320949;0.79724401;-0.05453607;0.25401098
0343.jpg;Aronijų keksiukai;a close up of a bunch of muffins with blueberries on top;0.0;0.0;0.0;0.80969071;0.82308459;0.8163327;0.17040473;0.52633566
0344.jpg;COVID-19 testas;a close up of a thermometer on a table with a white background;0.0;0.0;0.0;0.81647128;0.82622564;0.82131952;-0.0170138;0.19479543
0345.jpg;Cukinijų vafliai su graikišku padažu;there is a plate of waffles with a side of sour cream;0.0;0.0;0.0;0.84239864;0.83480972;0.83858699;0.17318133;0.49905336
0346.jpg;Trupininis juodųjų serbentų pyragas;there is a red dish with a piece of pie in it;0.0;0.0;0.0;0.83070922;0.81815946;0.8243866;0.06911692;0.56979716
0347.jpg;Miesto daugiabučiai;aerial view of a large apartment complex with a clock tower;0.0;0.0;0.0;0.81048036;0.82555413;0.8179478;0.14487876;0.64722264
0348.jpg;Naftos perdirbimo gamykla;a close up of a large industrial plant with a lot of pipes;0.0;0.0;0.0;0.80896115;0.80785769;0.80840898;0.09199335;0.48424742
0349.jpg;Daug kiaušinių;eggs in a carton are lined up in a row;0.0;0.0;0.0;0.81663913;0.8355186;0.82597101;0.11602877;0.82153666
0350.jpg;Vėžlys dėžėje;there is a turtle that is sitting in a box;0.0;0.0;0.0;0.83731216;0.82067204;0.82890862;0.14143535;0.67470902
0351.jpg;Vilkas staugia miške;there is a wolf standing in the snow looking up;0.0;0.0;0.0;0.80964351;0.83009225;0.81974041;0.2062995;0.64024246
0352.jpg;Vyras laikantis termometrą ir susiėmęs už gerklės;arafed man sitting on a couch with a red and black scarf;0.0;0.0;0.0;0.84299821;0.82816452;0.83551556;0.00384517;0.42007232
0353.jpg;Maisto produktai šaldytuve;there is a refrigerator with a lot of food inside of it;0.0;0.0;0.0;0.8210566;0.83288813;0.82693011;0.26040798;0.8171891
0354.jpg;Motina ir dukra paplūdimio smėlyje;there are two women that are sitting on the beach together;0.0;0.0;0.0;0.86188644;0.85033911;0.8560738;0.03387628;0.69381082
0355.jpg;Virtuvė su atidarytu šaldytuvu;there is a refrigerator with a lot of food inside of it;0.0;0.0;0.0;0.82179427;0.8207128;0.82125318;0.12254682;0.73448879
0356.jpg;Pavargusi moteris susiėmusi už galvos;arafed woman sitting on a couch with her hands on her head;0.0;0.0;0.0;0.82433873;0.82137549;0.82285446;0.21733743;0.79266363
0357.jpg;Žemės riešutai;there is a pile of peanuts sitting on the ground;0.0;0.0;0.0;0.8241697;0.81693262;0.82053518;0.37720701;0.59950966
0358.jpg;Konservuoto maisto stiklainiai;there are many jars of pickles and other vegetables in them;0.0;0.0;0.0;0.82010293;0.83721483;0.82857054;0.11646739;0.5846045
0359.jpg;Agrastas augantis ant krūmo;there is a green plant with some green berries on it;0.0;0.0;0.0;0.81763315;0.82835215;0.82295769;0.18471098;0.7264263
0360.jpg;Maisto produktai šaldytuve;there are many different fruits and vegetables in the fridge;0.0;0.0;0.0;0.84963655;0.82737249;0.83835673;0.24118355;0.80656964
0361.jpg;Tortas su arbata;there is a cake on a plate with a cup of tea;0.0;0.0;0.0;0.81018639;0.84019333;0.82491708;0.36575246;0.88749838
0362.jpg;Šuo iškišęs galvą automobilyje;there is a dog that is looking out of a car window;0.0;0.0;0.0;0.83842796;0.84506339;0.84173256;0.26892143;0.66323841
0363.jpg;Žemės riešutai ant stalo;there are peanuts on a table ready to be eaten;0.0;0.0;0.0;0.84453166;0.85791451;0.85117042;0.2391364;0.72989374
0364.jpg;Žemės riešutai baltame maiše;there is a bag of peanuts sitting on a table;0.0;0.0;0.0;0.82988352;0.83408487;0.83197892;0.1871897;0.70813763
0365.jpg;Du vaikiški vežimėliai lauke;there are two baby strollers and a baby carriage on a park bench;0.0;0.0;0.0;0.847776;0.85799074;0.85285282;0.09307429;0.6507954
0366.jpg;Vyras užsidėjęs ausines žiūri į kompiuterio ekraną;there is a man sitting at a desk with a laptop and a computer;0.0;0.0;0.0;0.86141372;0.85777843;0.8595922;0.30485258;0.70094788
0367.jpg;Moterys vaikšto lauke kai sninga;people walking in the rain with umbrellas on a city street;0.0;0.0;0.0;0.83322626;0.83351839;0.83337224;0.03993781;0.46830097
0368.jpg;Moteris su skėčiu vaikšto lauke kai lyja;woman walking down the street with an umbrella in the rain;0.0;0.0;0.0;0.85224831;0.85091442;0.85158092;0.12420192;0.96353525
0370.jpg;Kompiuteris, puodelis ir knyga ant lovos;there is a laptop and a cup on a bed with pillows;0.0;0.0;0.0;0.87013078;0.87745166;0.8737759;0.31545576;0.82216424
0371.jpg;Rūmai už stiklinės piramidės;arafed view of a large building with a pyramid in front of it;0.0;0.0;0.0;0.83435965;0.84650648;0.84038919;0.36389542;0.8212176
0372.jpg;Daug monetų ant stalo;a close up of a pile of coins with a gold coin on top;0.0;0.0;0.0;0.85517591;0.86512929;0.86012375;0.27781966;0.83065504
0373.jpg;Sugriuvęs pastatas už keturių stovinčių vyrų;people stand in front of a building that has been destroyed;0.0;0.0;0.0;0.85736239;0.83757794;0.84735471;0.12362099;0.70642555
0374.jpg;Rankose esantys pinigai prie bankomato;arafed hand holding a bunch of money in front of a atm machine;0.0;0.0;0.0;0.82833928;0.84384191;0.8360188;0.35417151;0.74135941
0375.jpg;Raudonas pilkas traukinys ant bėgių apsuptas dūmų;arafly looking train on the tracks with a red and white stripe;0.0;0.0;0.0;0.83945698;0.84788454;0.84364974;0.31807983;0.61117917
0376.jpg;Automobiliai ir krovininis automobilis važiuoja per potvynį;cars are driving through a flooded street in a city;0.0;0.0;0.0;0.85038072;0.83532369;0.84278494;0.40192288;0.82383668
0377.jpg;Rankose esantis telefonas rašo Luminor;someone holding a phone in their hand with a laptop in the background;0.0;0.0;0.0;0.82673311;0.82975316;0.82824039;0.31436518;0.59874052
0378.jpg;Geltonas ančiukas žiūri į priekį;yellow rubber ducks are lined up in a large group;0.0;0.0;0.0;0.85155511;0.85252202;0.85203832;0.1604158;0.43578428
0379.jpg;Dvi perpjauto granato pusės;there is a pomegranate cut in half on a cutting board;0.0;0.0;0.0;0.7978633;0.83473581;0.81588316;0.3513478;0.2691015
0380.jpg;Rankos laiko penkias bulves;arafed person holding a handful of potatoes in their hands;0.0;0.0;0.0;0.82087326;0.82867289;0.8247546;0.23773652;0.6678862
0381.jpg;Žmogus laiko bičių korį su bitėmis;araffes are being held in a beehive by a man;0.0;0.0;0.0;0.8166095;0.81974173;0.81817257;0.10129981;0.72085142
0382.jpg;Žmonės su raudonais skėčiais žiūri į lėktuvo nuolaužas;araffature of a plane that has been destroyed by fire;0.0;0.0;0.0;0.83052993;0.84689689;0.83863354;0.1426588;0.57752347
0383.jpg;Prie balto baliono pririšta juodą dėžę;there is a large white balloon that is flying in the sky;0.0;0.0;0.0;0.83548093;0.84063065;0.83804786;0.17216282;0.75216413
0384.jpg;Raudona lentelė ant tvoros su užrašu DĖMESIO!;barbed wire fence with a sign stating that the area is closed;0.0;0.0;0.0;0.86480767;0.86024958;0.8625226;0.03472872;0.53668165
0385.jpg;Elektros aukštos įtampos stulpai ir debesuota diena;arafed power lines in the distance with a sun shining through the clouds;0.0;0.0;0.0;0.82518613;0.82838941;0.82678467;0.14673682;0.75203174
0386.jpg;Du raudonais apskritimais bėgantys žmonės formulės trasoje;a close up of a person riding a race car on a track;0.0;0.0;0.0;0.84754229;0.83619672;0.84183133;0.1433953;0.46708083
0387.jpg;Povandeninis laivas išniręs iš vandens kalnų peizaže;arafed submarine in the water with people standing on the deck;0.0;0.0;0.0;0.84286964;0.83506608;0.83894968;0.33912531;0.71411735
0388.jpg;Naikintuvas kyla nuo laivo denio;araffe taking off from an aircraft carrier on a clear day;0.0;0.0;0.0;0.82265472;0.80897444;0.81575722;0.16940814;0.4546735
0389.jpg;Keturi vaikai bėga per patvinusį kelią;several people are crossing a flooded street in the rain;0.0;0.0;0.0;0.85830808;0.83434212;0.84615541;0.05899756;0.33625117
0390.jpg;Du žmonės važiuoja motociklu per patvinusią gatvę;there are two people riding a motorcycle through a flooded street;0.0;0.0;0.0;0.87333661;0.86964047;0.87148464;0.4090749;0.76039827
0391.jpg;Moteris einanti per patvinusią gatvę;araffe woman walking through a flooded street in a city;0.0;0.0;0.0;0.84561992;0.84783459;0.84672582;0.13733898;0.71261919
0392.jpg;Raudonų, baltų ir mėlynų gėlių laukas;there is a field of red and white flowers in the middle of the field;0.0;0.0;0.0;0.86158741;0.86475945;0.86317056;0.20336893;0.74408972
0393.jpg;Nukritę rudi lapai ant medinio suoliuko;there is a wooden bench with leaves on it in the fall;0.0;0.0;0.0;0.83087164;0.80931997;0.81995422;0.04299028;0.64330339
0394.jpg;Horizonte matomas saulėtekis ir plūduriuojantis paukštis;arafed view of a sunset over a body of water;0.0;0.0;0.0;0.8557837;0.85023189;0.85299873;0.2603029;0.78671193
0395.jpg;Rankomis laikomas kūdikis su kepure ištiesęs ranką;there is a man holding a baby in his arms;0.0;0.0;0.0;0.852736;0.82273203;0.83746535;0.1336211;0.62018985
0396.jpg;Katė guli ant radiatoriaus, šalia auga gėlė;there is a cat that is sitting on a radiator next to a plant;0.0;0.0;0.0;0.86899513;0.86908782;0.86904144;0.47170395;0.89606744
0397.jpg;Miesto gatvėmis važiuojantys automobiliai;cars are driving down a busy city street in the evening;0.0;0.0;0.0;0.85716021;0.85365629;0.85540468;0.46538082;0.82490534
0398.jpg;Pilkos spalvos katinas iškėlęs priekines letenas;there is a cat that is standing up on its hind legs;0.0;0.0;0.0;0.84504253;0.83320248;0.83908075;0.27866226;0.74691248
0399.jpg;Mergina padėjus galvą ant stalo šalia knygų;there is a woman sitting at a desk with her head down;0.0;0.0;0.0;0.84087825;0.85066473;0.84574318;0.17450765;0.6747812
0400.jpg;Dvi rankos laiko juodą padangą;a close up of a person holding a tire with gloves on;0.0;0.0;0.0;0.82339346;0.82380205;0.82359773;0.11886312;0.63015312
0401.jpg;Miegantis vyras šalia laikrodžio;arafed man sleeping in bed with a alarm clock beside him;0.0;0.0;0.0;0.85183191;0.85580134;0.85381204;0.13935095;0.80509561
0402.jpg;Baltas mėlynų akių katinas juodame fone;there is a white kitten with blue eyes looking up;0.0;0.0;0.0;0.85596251;0.87104625;0.86343849;0.37458479;0.86362934
0403.jpg;Skrendantis lėktuvas šalia skrendantys paukščiai;araflane flying in the sky with a flock of birds flying around;0.0;0.0;0.0;0.8351782;0.85046071;0.84275019;0.24557567;0.86082888
0404.jpg;Ukrainos pareigūnas apžiūri Rusijos paleistą droną Shahed;arafed fighter jet sitting on the ground with a man standing next to it;0.0;0.0;0.0;0.83591968;0.83090448;0.83340454;0.03520649;0.54983205
0405.jpg;Paukštis tupi ant spygliuočio šakos;there is a small bird sitting on a pine tree branch;0.0;0.0;0.0;0.84985256;0.82661158;0.83807099;0.22813767;0.72215253
0406.jpg;Būrys paukščių gervių tupi, o kiti skrenda;there are many birds that are standing in the grass together;0.0;0.0;0.0;0.8338865;0.83365721;0.83377182;0.21392931;0.7333104
0407.jpg;Mažasis erelis rėksnys skrydyje;there is a bird that is flying in the air;0.0;0.0;0.0;0.83901989;0.83756709;0.83829284;0.12198879;0.68529749
0408.jpg;Gulinti viena kiaulė;there is a pig that is laying down on the ground;0.0;0.0;0.0;0.82647312;0.84234524;0.83433372;0.16413447;0.6880877
0409.jpg;Žmogus einantis tuščioje mokyklos klasėje;there is a man standing in a classroom with a chalkboard;0.0;0.0;0.0;0.84421474;0.83843625;0.84131557;0.36820954;0.58985078
0410.jpg;Geriamo vandens čiaupas iš kurio bėga vanduo;there is a faucet running out of a sink with water running;0.0;0.0;0.0;0.84993207;0.86534488;0.85756922;0.38618553;0.61761999
0411.jpg;Moteris laiko druskinę rankose ir beria druską ant kiaušinio;someone is pouring salt on a plate of food with eggs and toast;0.0;0.0;0.0;0.85617739;0.84131122;0.84867924;0.17636582;0.74125564
0412.jpg;Rausvas runkelis guli ant baltų svarstyklių;arafed cactus plant with a digital scale on the ground;0.0;0.0;0.0;0.8277837;0.84291971;0.83528316;0.08865187;0.42019707
0413.jpg;Dvi moterys lipa laiptais į polikliniką;people walking out of a building with a sign that says prokobubas polikinskka;0.0;0.0;0.0;0.80608857;0.83590662;0.82072687;0.11968015;0.40284437
0414.jpg;Daug vilkikų stovi eilėjė miško peizaže;araf truck on the road with a lot of trucks behind it;0.0;0.0;0.0;0.83337009;0.82106417;0.82717139;0.1150969;0.2539641
0415.jpg;Du tiltai virš vandens;arafed bridge over a body of water with a boat passing underneath;0.0;0.0;0.0;0.84120822;0.87119794;0.85594052;0.38889766;0.80875134
0416.jpg;Du ugniagesiai gesina degantį pastatą;firefighters are fighting a fire in a building that has been destroyed;0.0;0.0;0.0;0.85282612;0.85066068;0.85174203;0.21731442;0.83433145
0417.jpg;Du ugniagesiai gesina sugriuvusį pastatą;firefighters are spraying water on a fire that is burning;0.0;0.0;0.0;0.85298008;0.84124172;0.84707028;0.22052103;0.7167626
0418.jpg;Du ugniagesiai gesina degantį pastatą;firefighters are on a ladder working to put out a fire;0.0;0.0;0.0;0.84631968;0.84532726;0.84582317;0.10427902;0.73468161
0419.jpg;Ugniagesiai gesina degantį pastatą;firefighters are battling a fire in a warehouse building with a ladder;0.0;0.0;0.0;0.85100305;0.84825176;0.84962517;0.15171348;0.75999248
0420.jpg;Ugniagesiai gesina degantį pastatą;firefighters are on a ladder in front of a fire that is burning;0.0;0.0;0.0;0.8406235;0.84036553;0.84049451;0.16874042;0.7837038
0421.jpg;Ugniagesys neša geltoną žarną, o kitas ugniagesys gesina sugriuvusį pastatą;firefighters are fighting a fire in a building with a hose;0.0;0.0;0.09090909;0.85871148;0.83423293;0.84629524;0.16831402;0.7874431
0422.jpg;Degantis sugriuvęs pastatas;firefighters are on the scene of a fire that broke out of a building;0.0;0.0;0.0;0.83522886;0.84212273;0.83866161;0.05770975;0.6184833
0423.jpg;Policininkas atidaro policijos automobilio bagažinę;arafed police officer standing next to a police car with its trunk open;0.0;0.0;0.0;0.84055406;0.8488766;0.84469479;0.59579009;0.81144112
0424.jpg;Karinis sraigtasparnis skrendantis tarp pilkų debesų;arafly flying in the sky with a helicopter on it;0.0;0.0;0.0;0.84308338;0.84057373;0.84182662;0.14773662;0.78279495
0425.jpg;Karinis sraigtasparnis skrendantis tarp pilkų debesų;arafly flying in the air with a propeller and a propeller;0.0;0.0;0.0;0.83744061;0.83518809;0.83631289;0.0335132;0.68216056
0426.jpg;Tarp sugriuvusių pastatų stovi automobiliai ir žmonės;araffes and trucks are parked in a large city;0.0;0.0;0.0;0.84497082;0.85579562;0.85034883;0.23796877;0.61199236
0427.jpg;Stovinti šalia tribūnos moteris sako kalbą, fone dvi valstybinės vėliavos;arafed woman in a black jacket and white shirt standing at a podium;0.0;0.0;0.0;0.85784036;0.85307753;0.85545224;0.12810113;0.73471361
0428.jpg;Stetoskopas ir atidarytas vaistų buteliukas guli ant stalo;someone is writing on a notepad with a stethoscope and a bottle of pills;0.0;0.0;0.0;0.84959126;0.85574389;0.85265648;0.37971377;0.66390538
0429.jpg;Obuolių ir cinamono pyragas lėkštėje su ledais ir cinamono lazdelėmis;there is a piece of pie with ice cream on top of it;0.0;0.0;0.0;0.86905628;0.8363505;0.85238981;0.17446828;0.688115
0430.jpg;Pjaustytas špinatų pyragas and medinio apvalaus padėklo;there is a pizza with spinach and cheese on a wooden plate;0.0;0.06666667;0.1;0.84783673;0.83234841;0.84002125;0.32164288;0.50241429
0431.jpg;Aštuonių raudonų pomidorų kekė su žaliu kotu;a close up of a bunch of tomatoes on a white surface;0.0;0.0;0.1;0.83639818;0.8290419;0.83270383;0.16950589;0.74497968
0432.jpg;Ranka laiko pomidoro šakelę su raudonais pomidorais;someone is picking a bunch of tomatoes from a vine in a greenhouse;0.0;0.0;0.0;0.83753705;0.83185244;0.83468509;0.17489341;0.68678617
0433.jpg;Ranka ant automobilio vairo;a man driving a truck on a highway with a gps device;0.0;0.0;0.0;0.83972317;0.84450132;0.84210551;0.30533099;0.43621179
0434.jpg;Jūrų uostas su kranais, laivai plaukia;there are many cranes in the background of the water;0.0;0.0;0.0;0.8723582;0.85105026;0.8615725;0.26940024;0.58823997
0435.jpg;Moteris stumia vaikišką vežimėlį, vyras eina šalia;there are two people walking with a baby in a stroller;0.0;0.0;0.0;0.85886478;0.85124373;0.85503727;0.14658187;0.6971845
0436.jpg;Merginos eina per tiltą link miesto stiklinių dangoraižių;three women walking across a bridge with a city in the background;0.0;0.0;0.0;0.8555361;0.83179682;0.84349948;0.25494921;0.77789158
0437.jpg;Moteris laikosi už pilvo;arafed woman sitting on a couch with her stomach exposed;0.0;0.0;0.0;0.82846379;0.82495606;0.82670623;0.20113827;0.7398352
0438.jpg;Iš stiklinio butelio pilamas pienas į juodą kavą baltame puodelyje;araffe pouring milk into a cup of coffee on a table;0.0;0.0;0.0;0.84545839;0.84436148;0.84490961;0.25875366;0.81462121
0439.jpg;Pienas pilamas į juodą kavą, kruasanai šiaudinėje lėkštėje;someone pouring milk into a cup of coffee next to a basket of croissants;0.0;0.0;0.0;0.84903979;0.83545357;0.84219187;0.28467423;0.74358416
0440.jpg;Žemės riešutai baltame maiše;a woman holding her stomach in pain while sitting on a bed;0.0;0.0;0.0;0.8164528;0.82941616;0.82288343;0.07597998;0.02387837
0441.jpg;Vyras laikosi už žando, veidas susiraukęs;a man with a toothache holding his hand to his face;0.0;0.0;0.0;0.83628869;0.83367258;0.83497858;0.19540372;0.63497454
0442.jpg;Gulinti moteris laikosi už pilvo;pregnant woman laying on a couch with her eyes closed;0.0;0.0;0.0;0.83967489;0.83517015;0.83741653;0.2163974;0.61200231
0443.jpg;Gulinti mergaitė laikosi už pilvo;arafed child with a sore sitting on a bed with a red light;0.0;0.0;0.0;0.82203603;0.82052767;0.82128119;0.12564278;0.55805331
0444.jpg;Ryanair lėktuvas kylą iš oro uosto naktį;araflane landing at night with lights on and a plane taking off;0.0;0.0;0.0;0.83802068;0.84819955;0.84307939;0.3367534;0.71554619
0445.jpg;Kiaulė sėdi ant žolės, kita kiaulė stovi prie namelio;there are two pigs that are sitting in the grass;0.0;0.0;0.0;0.86674178;0.85550678;0.86108762;0.23001845;0.8566705
0446.jpg;Vyras stovi prie valdymo pulto baldų gamybos sandėlyje;arafed worker in a factory checking a tablet on a machine;0.0;0.0;0.0;0.85090053;0.84868079;0.8497892;0.09735943;0.50295895
0447.jpg;Elektros tinklų stulpai;arafed power lines and a yellow traffic light in a field;0.0;0.0;0.0;0.81540811;0.8322804;0.82375783;0.16656983;0.62180167
0448.jpg;Suguldyti medienos rastai ir šakos miške prie kelio;there is a pile of logs on the side of a dirt road;0.0;0.0;0.0;0.84830278;0.84247196;0.84537733;0.06344693;0.78431749
0449.jpg;Geležinkelio bėgiai sukasi į dešinę pusę ir miškas fone;there is a train that is going down the tracks in the country;0.0;0.0;0.08;0.84934074;0.84141493;0.84535927;0.06586274;0.74987835
0450.jpg;Moteris ir dvi du vaikai šalia vieni kitų;there is a woman holding a little girl in her arms;0.0;0.0;0.0;0.84784478;0.82268763;0.83507675;0.17599258;0.55290556
0451.jpg;Ant stalo trys dokumentų papkės už kurių moteris;blond woman sitting at a desk with a stack of files;0.0;0.0;0.0;0.8412782;0.82834625;0.8347621;0.26129788;0.47061527
0452.jpg;Moteris laiko rankas ant vaikiško vežimėlio rankenų;there is a woman pushing a stroller with a baby in it;0.0;0.0;0.0;0.8547824;0.85421765;0.85449988;0.0881124;0.69311428
0453.jpg;Šypsodamasi moteris laiko mergaitę;woman holding a child and laughing while sitting on a couch;0.0;0.0;0.0;0.83190203;0.82045078;0.82613677;0.12999772;0.58990932
0454.jpg;Būrys rudų vištų, fone žalias namelis su baltais langais;a close up of a group of chickens in a field;0.0;0.0;0.0;0.85906518;0.84194732;0.85042012;0.13440526;0.58119583
0455.jpg;Mygtukinių telefonai sudėti vienas šalia kito;a close up of a pile of old cell phones with different designs;0.0;0.0;0.0;0.84270406;0.81977165;0.83107966;0.32561201;0.73907083
0456.jpg;Moteris sėdi su šunimi ant suoliuko;blonde woman sitting on a bench with a dog and a cup of coffee;0.0;0.0;0.0;0.84041369;0.84891987;0.84464538;0.23389654;0.84233767
0457.jpg;Pirštai laiko cigaretės nuorūką;someone is holding a cigarette in their hand and a cigarette in a cup;0.0;0.0;0.0;0.83303189;0.82231301;0.82763767;0.40512753;0.72888666
0458.jpg;Cigarečių atidaryti pakeliai padėti ant medinio paviršiaus;cigarettes in a pack on a wooden table with a box of cigarettes;0.0;0.0;0.0;0.84874177;0.84033072;0.84451526;0.29950184;0.85519087
0459.jpg;Vyras laiko automobilio ratą, keičia padangą;arafed man working on a tire in a garage;0.0;0.0;0.0;0.84112173;0.84525013;0.84318089;0.22680254;0.74498707
0460.jpg;Mergina laiko dėžę sandėlyje;araffe worker in a warehouse with boxes and other items;0.0;0.0;0.0;0.83269662;0.84682065;0.83969927;0.02221454;0.43351683
0461.jpg;Vaikai žaidžia prie mėlynos lego pilies;two children playing with a lego castle on the floor;0.0;0.078125;0.11111111;0.88283116;0.87771273;0.88026452;0.51661038;0.80379695
0462.jpg;Trys jojimo balnai pakabinti ant medinės tvoros;three saddles hanging on a fence in a field with grass;0.0;0.0;0.0;0.86253798;0.86315441;0.86284608;0.00252526;0.64742053
0463.jpg;Moteris stovi tarp dviejų žirgų;there are two horses standing next to each other in a field;0.0;0.0;0.0;0.84620678;0.86513925;0.85556829;0.26700211;0.69971895
0464.jpg;Trys žirgai stovi miške;there are three horses standing in a field with trees in the background;0.0;0.0;0.0;0.82859468;0.83270401;0.83064425;0.14158918;0.56148326
0465.jpg;Moteris ištiesus ranką, delne turi raudoną kamuoliuką, duoda kraują;someone is getting a blood test from a nurse;0.0;0.0;0.0;0.83321702;0.80604899;0.81940788;0.19680807;0.56070423
0466.jpg;Vyras kerpa elektros laidos;arafed worker on a lift working on a power pole;0.0;0.0;0.0;0.82231343;0.82513106;0.8237198;0.19711003;0.55045277
0467.jpg;Degantis miškas šalia vandens, kylantys dūmai naktį;flames are seen from a large fire in a marina at night;0.0;0.0;0.0;0.86016548;0.85086429;0.85548955;0.21053807;0.79649246
0468.jpg;Uraganas tarp namo ir medžių;there is a dirt road that leads to a farm with a barn in the distance;0.0;0.0;0.0;0.82598698;0.84233987;0.83408326;0.13095817;0.39097381
0469.jpg;Ugniagesių automobilis ir lengvasis automobilis stovi šalia pastato;there is a truck that is parked next to a car;0.0;0.0;0.0;0.86416674;0.82981765;0.84664392;0.47189409;0.65863836
0470.jpg;Ugniagesys gesina degančius daiktus šalia kopėčių;firefighters are on the grass outside of a building with a ladder;0.0;0.0;0.0;0.84547025;0.84831262;0.84688914;0.20611189;0.7336517
0471.jpg;Baltas odontologijos kabinetas, viduryje ruda odontologijos kėdė;there is a dentist chair in the corner of a room;0.0;0.0;0.0;0.84637064;0.83153474;0.83888716;0.31786525;0.80514985
0472.jpg;Keturios moterys eina paplūdimiu iki jūros;three women walking on the beach with a towel over their shoulders;0.0;0.0;0.0;0.85495222;0.86951447;0.86217183;0.13330448;0.86567044
0473.jpg;Du sportiniai automobiliai važiuoja tiltu;cars driving on a highway with a bridge in the background;0.0;0.0;0.0;0.87181044;0.87407482;0.8729412;0.36733729;0.75561178
0474.jpg;Dvi merginos su raudonomis suknelėmis prie moliūgo;two women in halloween costumes standing next to a giant pumpkin;0.0;0.0;0.0;0.85441136;0.84621704;0.85029447;0.24289489;0.53234279
0475.jpg;Kapų antkapiai miške;there are many graves in the woods with graffiti on them;0.0;0.0;0.0;0.83665025;0.84846938;0.84251839;0.05130093;0.59504789
0476.jpg;Keturi žmonės su gitaromis stovi ant mėlynos scenos;araffiat group of men standing on stage with guitars;0.0;0.0;0.0;0.86689091;0.86030197;0.86358392;0.27424097;0.81885505
0477.jpg;Paaugliai meta paauglį į vandenį paplūdimyje;people are enjoying the beach and swimming in the water;0.0;0.0;0.0;0.85322589;0.84839189;0.85080206;0.14264683;0.61077678
0478.jpg;Žmonės guli paplūdimyje ant smėlio ir maudosi vandenyje;people are enjoying the beach on a sunny day at the water ' s edge;0.0;0.0;0.08;0.84451461;0.86476833;0.85452151;0.3361032;0.77993733
0479.jpg;Tigras guli ir laižo mėsos gabalą;there is a tiger eating a piece of meat on a wooden fence;0.0;0.0;0.0;0.86948156;0.87108696;0.87028354;0.18712963;0.83407736
0480.jpg;Burinio laivo modelio denis;there is a model of a ship with a steering wheel on the deck;0.0;0.0;0.0;0.82938921;0.81751788;0.82341075;0.32955968;0.76449853
0481.jpg;Burinio laivo su baltomis burėmis modelis;arafed model of a sailing ship on a table;0.0;0.0;0.0;0.84978616;0.8290391;0.83928448;0.29691064;0.80309224
0482.jpg;Burinio laivo su baltomis burėmis modelis ant stalo;arafed model of a wooden ship on a black table;0.0;0.0;0.0;0.86089921;0.84896672;0.8548913;0.32628471;0.83882618
0483.jpg;Burinio laivo su baltomis burėmis modelis ant stalo;arafed model of a wooden ship on a table;0.0;0.0;0.0;0.86305302;0.84796512;0.85544258;0.32326674;0.86696225
0484.jpg;Karinio laivo modelis ant stalo;arafed model of a large boat on a table;0.0;0.0;0.0;0.84303117;0.84306908;0.84305012;0.33765602;0.86952364
0485.jpg;Žmogaus pirštai laiko kiaušinį su juoda linija;someone is holding a large egg in a carton with eggs;0.0;0.0;0.1;0.85040069;0.84785801;0.84912747;0.09895959;0.62331629
0486.jpg;Trys kiaušiniai su juodomis linijomis guli dėžutėje;eggs with a smiley face drawn on them are in a carton;0.0;0.0;0.0;0.85260546;0.85717833;0.85488576;0.23931281;0.71668845
0487.jpg;Lauko tualetai TOI TOI šalia vandens balos ir miško;there are two portable toilets on the side of the road;0.0;0.0;0.0;0.86336809;0.84169173;0.8523922;0.22441426;0.69441426
0488.jpg;Lauko tualetai TOI TOI šalia vandens balos ir miško;there is a blue portable toilet sitting on the side of a road;0.0;0.0;0.0;0.85459828;0.83638263;0.84539235;0.20931906;0.59725261
0489.jpg;Du mėlyni tušinukai guli ant stalo, šalia žmogaus rankos;someone is sitting at a table with a pen and a cell phone;0.0;0.0;0.0;0.86141384;0.86021817;0.86081558;0.06668974;0.49712452
0490.jpg;Žmogus laiko mėlynos spalvos tušinuką;someone is using a cell phone on a table with a pen;0.0;0.0;0.0;0.84876674;0.83801568;0.84335697;0.03095857;0.30893224
0491.jpg;Vyras stovi su rudu apsiaustu prie palapinių;there is a man standing in a field with tents and tents;0.0;0.0;0.0;0.85512924;0.84360826;0.84932971;0.07114564;0.77441186
0492.jpg;Sugriuvęs tiltas virš upės;there is a bridge that is over a body of water;0.0;0.0;0.0;0.85871613;0.85028219;0.85447836;0.33054459;0.85786909
0493.jpg;Pašto dėžutės pakabintos ant geltonos medinės sienos;there are three green bins on the side of a building;0.0;0.0;0.0;0.8518551;0.83730614;0.84451795;0.04169353;0.54544234
0494.jpg;Balti paspirtukai stovi ant plytelių;there are many scooters parked on the sidewalk in a row;0.0;0.0;0.0;0.84656668;0.84158176;0.84406686;0.13923217;0.33321455
0495.jpg;Moteris sėdi su apyrankėmis ir skrybėle, už jos dega laužas su ugnimi;there is a woman sitting on a bench in front of a fire;0.0;0.0;0.0;0.87234807;0.84924948;0.8606438;0.16425917;0.77860594
0496.jpg;Moteris su vaikais dažo automobilio padangas geltonai, mėlynai, žaliai, raudonai;several children are playing with colorful tires in a park;0.0;0.0;0.0;0.85171437;0.83483231;0.84318882;0.17013942;0.64731681
0497.jpg;Vyras su kastuvu kasa duobę, keturios padangos įkastos į žemę;there is a man that is standing next to a pile of tires;0.0;0.0;0.0;0.84745491;0.82729185;0.83725202;0.12126385;0.65116161
0498.jpg;Nupjauta gulbės galva ant sniego;araffe duck with blood on its head in the snow;0.0;0.0;0.0;0.84255362;0.85079134;0.84665239;0.22510433;0.75997978
0499.jpg;Nupjauta gulbės galva ant sniego;there is a dead animal in the snow with a lot of footprints;0.0;0.0;0.0;0.8483355;0.84070653;0.84450382;0.19895759;0.75701654
0500.jpg;Policijos, skubios pagalbos ir ugniagesių automobiliai;ambulances and fire trucks are parked on a street in the snow;0.0;0.0;0.0;0.8391124;0.84187955;0.84049374;0.34585774;0.70891464
